zoo,scientificName,commonName,givenName,gender,dateOfBirth,age,isTransportable
Psygansu,Cervus duvauceli,"Deer, barasingha",Reina,Female,1993-12-16,32,true
Knivsta,Ursus americanus,"Bear, black",Carmencita,Genderfluid,2015-07-22,6,false
Jardín América,Eurocephalus anguitimens,Southern white-crowned shrike,Georgi,Male,1995-11-07,40,false
Rinconada,Corvus albicollis,White-necked raven,Catharine,Female,2022-07-01,63,false
Neresnytsya,Graspus graspus,"Crab, red lava",Bobbee,Female,2012-04-15,97,true
Gainesville,Speothos vanaticus,"Dog, bush",Gerianne,Female,2008-07-21,22,false
Dallas,Lama glama,Llama,Melisandra,Genderfluid,1998-08-03,58,false
Tursunzoda,unavailable,African snake (unidentified),Mata,Male,1983-03-20,75,false
Saḩab,Ninox superciliaris,White-browed owl,Darlene,Female,2004-05-25,87,true
Mlimba,Stercorarius longicausus,"Skua, long-tailed",Catherina,Female,2006-02-04,82,false
Tourcoing,Ephipplorhynchus senegalensis,"Stork, saddle-billed",Veriee,Female,2004-07-04,48,false
Krajan,Agouti paca,Paca,Broddy,Male,1980-10-23,91,true
Ozerne,Corvus brachyrhynchos,"Crow, house",Jacquie,Polygender,2007-04-04,80,true
Phan Thong,Chlamydosaurus kingii,"Dragon, frilled",Bird,Female,1992-02-05,55,true
Cogreg Wetan,Coluber constrictor,"Snake, racer",Heinrick,Male,1993-04-14,75,false
Leeuwarden,Funambulus pennati,"Squirrel, palm",Miof mela,Genderfluid,2010-01-09,96,true
Maji,Chlamydosaurus kingii,"Dragon, frilled",Daron,Female,1998-10-22,58,true
La Sierpe,Gyps bengalensis,Oriental white-backed vulture,Creight,Genderfluid,2022-01-07,81,true
Jerusalem,Ammospermophilus nelsoni,"Squirrel, nelson ground",Kiel,Male,2010-03-16,60,true
Lumbayan,Lybius torquatus,"Barbet, black-collared",Mimi,Female,1975-10-24,4,false
Mgachi,Psophia viridis,Green-winged trumpeter,Paulo,Male,2003-07-07,76,true
Rezé,Ceratotherium simum,White rhinoceros,Megan,Female,1995-01-28,100,false
Khlong Toei,Myrmecobius fasciatus,Numbat,Lorne,Female,2005-04-14,89,true
Bastia,Aegypius tracheliotus,"Vulture, black",Corney,Male,1980-01-06,18,true
Bárrio,Uraeginthus angolensis,"Bleu, blue-breasted cordon",Winston,Male,2023-12-11,31,true
Manis Mekarwangi,Ovibos moschatus,Musk ox,Sheridan,Male,1980-05-17,63,false
Brka,Paradoxurus hermaphroditus,"Civet, common palm",Shawn,Female,2022-03-19,5,true
Ngama,Callorhinus ursinus,Northern fur seal,Francyne,Female,1984-09-18,1,false
Rząśnik,Macropus rufus,Red kangaroo,Graehme,Male,2002-12-19,5,false
Taobei,Parus atricapillus,"Chickadee, black-capped",Waldo,Male,1973-11-15,27,true
President Roxas,Tayassu tajacu,"Peccary, collared",Kori,Female,2015-05-28,59,false
Berber,Stercorarius longicausus,Long-tailed jaeger,Hamlen,Male,1980-12-13,43,false
Palcza,Butorides striatus,Striated heron,Fredek,Male,2007-07-20,79,true
Pampa de los Guanacos,Recurvirostra avosetta,Pied avocet,Wyn,Male,2013-09-30,3,true
Baiquesi,Picoides pubescens,Downy woodpecker,Briney,Female,1991-05-19,19,false
Babura,Cebus apella,Brown capuchin,Katalin,Female,2021-01-03,17,true
Yanhe,Paradoxurus hermaphroditus,Paradoxure,Shela,Female,1994-10-01,41,false
Sanjian,Geochelone radiata,Radiated tortoise,Trenton,Male,1981-06-28,8,true
Bokong Timur,Kobus leche robertsi,Kafue flats lechwe,Genna,Female,1976-07-27,6,false
Yongledian,Casmerodius albus,"Egret, great",Almire,Female,2011-09-09,70,true
Cete,Melophus lathami,"Bunting, crested",Carce,Male,1998-09-11,81,true
Tolosa,Xerus sp.,African ground squirrel (unidentified),Maureene,Non-binary,2005-06-23,1,true
Namayingo,Semnopithecus entellus,Common langur,Casi,Polygender,1973-05-25,69,false
Singgit,Procyon cancrivorus,"Raccoon, crab-eating",Inesita,Female,1999-05-26,66,true
Ayabaca,Larus sp.,Gulls (unidentified),Roarke,Male,1970-07-26,8,false
Viligili,Threskionis aethiopicus,Sacred ibis,Lamond,Male,1990-12-04,13,false
Ikar,Tayassu tajacu,Collared peccary,Allis,Female,2007-10-13,19,false
Mendoza,unavailable,"Gull, herring",Lemar,Male,2014-07-22,97,false
Comodoro Rivadavia,Tachybaptus ruficollis,Dabchick,Trudi,Female,1977-06-06,53,true
José Bonifácio,Panthera onca,Jaguar,Ingra,Male,2004-05-10,35,true
Nzega,Phoenicopterus ruber,"Flamingo, roseat",Hamilton,Male,1974-12-02,76,false
Uiasa,Larus fuliginosus,"Gull, dusky",Olivero,Male,1976-07-29,42,false
Lovisa,Tringa glareola,"Sandpiper, spotted wood",Alvera,Female,2000-04-13,22,true
Kamwenge,Vulpes cinereoargenteus,Grey fox,Charmine,Female,2014-06-13,72,true
San José de las Lajas,Hystrix indica,"Porcupine, indian",Evanne,Genderqueer,1984-08-13,35,false
Las Palmas,Pterocles gutturalis,"Sandgrouse, yellow-throated",Margarita,Agender,1988-07-21,89,true
Agios Dimitrios,Pseudocheirus peregrinus,Ring-tailed possum,Norrie,Male,2002-10-12,19,true
Maracanã,Sula dactylatra,Masked booby,Ernesto,Male,1995-09-28,46,false
Jaguarão,Aquila chrysaetos,"Eagle, golden",Danella,Female,1985-04-14,30,true
Vailoatai,Eolophus roseicapillus,Red-breasted cockatoo,Troy,Male,2019-05-22,22,false
Nianyushan,Smithopsis crassicaudata,Fat-tailed dunnart,Kirby,Male,1993-08-11,6,true
Xinba,Colobus guerza,Black and white colobus,Farrah,Bigender,2003-01-29,36,false
Vetluzhskiy,Macropus parryi,"Wallaby, whip-tailed",Maryjane,Female,2021-03-04,54,true
Haugesund,Mungos mungo,Banded mongoose,Claudelle,Agender,1986-06-03,84,false
Padhahegha,Macropus robustus,"Wallaby, euro",Malynda,Female,1988-11-10,74,true
Tall Salḩab,Buteo galapagoensis,Galapagos hawk,Andie,Female,1977-11-02,21,true
Cajati,Diceros bicornis,"Rhinoceros, black",Hobard,Agender,1972-11-29,37,true
Atok,Panthera leo persica,Asian lion,Filip,Male,1990-11-17,43,false
Paitan Norte,Ardea golieth,"Heron, goliath",Dominga,Genderqueer,1970-12-27,22,true
Shireet,Petaurus breviceps,Sugar glider,Eli,Male,1989-11-21,96,true
Castanheira,Gazella granti,Grant's gazelle,Cosme,Male,2007-06-04,44,true
Jiaodai,Morelia spilotes variegata,"Snake, carpet",Reggis,Male,1992-01-02,88,true
Gostivar,Neotoma sp.,Woodrat (unidentified),Anthiathia,Female,2003-05-27,69,false
Apeldoorn,Meleagris gallopavo,"Turkey, common",Tim,Male,1977-10-27,83,false
Duancun,Podargus strigoides,"Frogmouth, tawny",Carling,Male,1989-01-23,56,false
Kashmor,Funambulus pennati,"Squirrel, palm",Culley,Male,1991-05-23,3,false
Wan’an,Ceratotherium simum,"Rhinoceros, square-lipped",Reginauld,Male,1982-06-09,71,true
Aianí,Tyto novaehollandiae,"Owl, australian masked",Kikelia,Female,1982-03-06,76,false
Široki Brijeg,Nasua nasua,"Coatimundi, ring-tailed",Therese,Female,1997-09-07,12,true
Atyrá,Ovis ammon,Red sheep,Polly,Female,1999-04-28,3,true
Ilopango,Lamprotornis chalybaeus,Greater blue-eared starling,Ali,Bigender,1984-12-31,7,false
Quintong,Phoenicopterus ruber,Roseat flamingo,Quillan,Male,1971-08-21,36,false
Kotakan Selatan,Cacatua tenuirostris,Long-billed cockatoo,Tansy,Female,1995-10-05,33,true
Dianzi,Cebus nigrivittatus,"Capuchin, weeper",Donielle,Female,2015-11-09,26,false
Tsiatsan,Climacteris melanura,Black-tailed tree creeper,Raf,Female,1974-02-06,88,true
Kolpashevo,Cervus duvauceli,Swamp deer,Jillian,Female,1990-11-02,8,false
Chartres,Felis concolor,"Puma, south american",Miquela,Female,1995-06-26,29,true
Sukorejo,Ourebia ourebi,Oribi,Nancee,Female,2002-05-29,13,true
Lomba,Canis mesomelas,Black-backed jackal,Mella,Female,1978-09-12,48,true
Pampa del Infierno,Laniarius ferrugineus,Southern boubou,Stavro,Male,1971-04-10,16,true
Sidaurip,Trichoglossus haematodus moluccanus,Rainbow lory,Virginie,Female,1986-10-16,76,false
San Carlos,Centrocercus urophasianus,"Hen, sage",Lorelle,Female,1977-02-20,35,false
San Rafael Oriente,Acrobates pygmaeus,Pygmy possum,Emile,Male,1989-03-20,72,true
Junín,Psophia viridis,Green-winged trumpeter,Donia,Female,1978-03-01,73,false
Aravissós,Heloderma horridum,Gila monster,Jasun,Agender,1974-12-30,61,false
Dinghuo,Papio cynocephalus,"Baboon, olive",Micheal,Male,1977-01-02,19,false
Huping,unavailable,Mudskipper (unidentified),Wyn,Male,1978-09-07,87,false
Long Layu,Halcyon smyrnesis,White-throated kingfisher,Erhart,Male,1978-12-31,16,false
Куклиш,Aonyx cinerea,"Otter, oriental short-clawed",Mason,Male,1972-01-12,44,false
Mashi,Ninox superciliaris,Madagascar hawk owl,Ana,Female,1985-01-13,68,true
Kombolcha,Eudromia elegans,"Tinamou, elegant crested",Tome,Male,1974-12-16,34,true
Majiang,Tringa glareola,Spotted wood sandpiper,Grissel,Female,2003-10-22,79,false
Zhengyangshan,Neotis denhami,"Bustard, stanley",Kim,Male,2008-04-01,15,false
Peruc,Chlamydosaurus kingii,Frilled dragon,Herbert,Male,2024-04-01,21,false
Hinigaran,Gabianus pacificus,Pacific gull,Demetre,Male,1979-06-13,3,true
Raci Kulon,Turtur chalcospilos,"Dove, emerald-spotted wood",Shirl,Female,1976-09-13,17,true
Bagacay,Pseudalopex gymnocercus,Pampa gray fox,Melisenda,Female,2020-10-01,50,false
Cabuyaro,Felis silvestris lybica,"Cat, african wild",Bliss,Female,2016-07-17,96,false
Maco,Macropus giganteus,"Kangaroo, eastern grey",Quinton,Male,2003-06-01,86,false
Sedandang,Lasiodora parahybana,Salmon pink bird eater tarantula,Edvard,Male,1988-12-28,1,true
Cabugao,Lophoaetus occipitalis,Long-crested hawk eagle,Morrie,Male,1997-08-21,47,false
Nanterre,Spizaetus coronatus,Crowned hawk-eagle,Dennet,Male,1985-06-27,57,true
Wenshang,Streptopelia senegalensis,"Dove, little brown",Aubrey,Male,2016-04-11,96,true
Rixi,Columba livia,Rock dove,Aylmar,Male,2019-01-27,52,true
Al Khawkhah,Dasyurus maculatus,"Cat, tiger",Alfred,Male,1980-07-30,60,true
Binkolo,Ephippiorhynchus mycteria,Jabiru stork,Ruperto,Male,1981-08-05,86,false
Umeå,Halcyon smyrnesis,White-throated kingfisher,Chip,Male,1992-08-06,2,false
Gushan,Suricata suricatta,Meerkat,Gavin,Bigender,1995-03-03,31,true
Merik,Epicrates cenchria maurus,"Boa, columbian rainbow",Kristine,Female,1979-07-31,58,false
Nangewer,Cynictis penicillata,Yellow mongoose,Hayyim,Male,2001-05-03,3,false
Chigoré,Isoodon obesulus,Southern brown bandicoot,Townie,Male,2020-11-19,37,true
Kalidung,Limosa haemastica,Hudsonian godwit,Isa,Female,1974-03-08,9,false
Tominian,Lycaon pictus,African wild dog,Sullivan,Male,1996-08-29,96,false
Bom Sucesso,Crocuta crocuta,"Hyena, spotted",Dmitri,Male,2021-09-13,22,true
Raffingora,Phoeniconaias minor,Lesser flamingo,Christina,Female,1989-07-14,68,false
Obodivka,Ardea golieth,Giant heron,Herschel,Male,1995-04-17,65,true
Baiyang,Nasua nasua,Ring-tailed coatimundi,Read,Male,1981-11-28,51,true
Itaquyry,Tenrec ecaudatus,Tailless tenrec,Erie,Male,2019-05-18,43,true
Blahodatne,Zosterops pallidus,Pale white-eye,Coreen,Female,2022-02-04,45,false
Maniwaki,Francolinus leucoscepus,Yellow-necked spurfowl,Trever,Male,1995-09-21,71,true
Santa Rosa,Cygnus buccinator,Trumpeter swan,Andrey,Male,2022-06-20,19,true
Napak,Diceros bicornis,"Rhinoceros, black",Inglebert,Male,2002-06-23,1,true
Baih,Galictis vittata,Huron,Rhiamon,Female,2001-10-12,32,false
Zhangjiagang,Herpestes javanicus,"Mongoose, javan gold-spotted",Ailsun,Female,2004-03-08,41,false
Wangcun,Geochelone radiata,"Tortoise, radiated",Arabelle,Female,2023-03-24,95,false
Vologda,Globicephala melas,Long-finned pilot whale,Bettine,Female,1998-11-02,53,true
San Rafael,Gazella thompsonii,"Gazelle, thomson's",Roz,Female,1995-05-14,77,false
Ebene,Tetracerus quadricornis,Four-horned antelope,Pippo,Male,2013-08-17,74,false
Frontignan,Fulica cristata,Red-knobbed coot,Avictor,Male,2014-08-22,99,false
Ålesund,Deroptyus accipitrinus,Hawk-headed parrot,Mellisent,Female,2005-06-09,71,false
Bojongsari,Mazama gouazoubira,"Brocket, brown",Moishe,Male,1982-10-03,3,false
Ust’-Isha,Crotalus adamanteus,"Rattlesnake, eastern diamondback",Ally,Female,1991-01-13,78,false
An Lão,Egretta thula,"Egret, snowy",Husein,Male,2003-08-08,62,true
Cervantes,Paradoxurus hermaphroditus,"Civet, common palm",Gregorio,Male,1999-02-09,50,true
Geita,Ramphastos tucanus,"Toucan, red-billed",Johnny,Male,1977-06-01,72,true
São Bento,Dicrurus adsimilis,"Drongo, fork-tailed",Udall,Male,1986-11-06,25,true
Mbomba,Ciconia episcopus,Woolly-necked stork,Antonetta,Agender,1974-01-08,22,true
‘Alīābād-e Katūl,Merops bullockoides,"Bee-eater, white-fronted",Malissia,Female,2013-08-13,79,true
Hanau,Capreolus capreolus,Roe deer,Trescha,Female,2005-12-10,48,true
Bafatá,Morelia spilotes variegata,"Snake, carpet",Jocelyn,Female,2005-11-11,73,true
Morrito,Phoenicopterus chilensis,"Flamingo, chilean",Bartholomeus,Male,2000-05-22,7,true
Porto Martins,unavailable,Caracara (unidentified),Bettine,Female,1970-06-06,80,false
Ivyanyets,Axis axis,"Deer, spotted",Augusta,Female,1979-12-30,26,true
Tamansari,Fulica cristata,Red-knobbed coot,Sadye,Female,1980-02-07,51,false
Tangjin,Felis concolor,"Lion, mountain",Dorian,Male,2017-08-27,64,false
Malaga,Uraeginthus angolensis,"Bleu, blue-breasted cordon",Lotti,Female,1985-04-25,68,true
Morteros,Odocoilenaus virginianus,"Deer, white-tailed",Currie,Male,2014-03-18,43,false
Helsingborg,Semnopithecus entellus,Common langur,Dalenna,Female,1975-11-25,17,true
Zgornje Bitnje,Larus fuliginosus,"Gull, lava",Noland,Male,1998-11-09,51,false
Xian’an,Felis chaus,"Cat, jungle",Giraldo,Male,1974-12-11,83,true
Hougaoshizhuang,Crocodylus niloticus,Nile crocodile,Averyl,Female,1982-08-01,32,true
Pontian,Varanus komodensis,Komodo dragon,Lonee,Female,1993-04-11,36,true
Tlogocilik,Zenaida asiatica,"Dove, white-winged",Clair,Male,2010-07-20,1,true
Piracicaba,Ammospermophilus nelsoni,"Squirrel, nelson ground",Riley,Male,2009-04-18,95,false
Stockholm,Vicugna vicugna,Vicuna,Jason,Male,2002-01-26,61,false
Parung,Acanthaster planci,Crown of thorns starfish,Veriee,Female,2002-08-11,65,false
Sancha,Myotis lucifugus,"Bat, little brown",Hubert,Male,1989-06-23,5,true
Seraya,Conolophus subcristatus,"Iguana, land",Roddie,Male,2020-08-30,28,false
Batuna Satu,Martes americana,"Marten, american",Welbie,Male,1980-04-26,52,true
Padre Nabeto,Eudromia elegans,"Tinamou, elegant crested",Lyndsie,Female,2013-07-14,6,true
Ra-ngae,Tragelaphus strepsiceros,"Kudu, greater",Buiron,Male,1994-06-08,80,true
Minh Lương,Phaethon aethereus,Red-billed tropic bird,Samara,Female,2007-07-26,99,false
Merrifield,Microcebus murinus,"Lemur, lesser mouse",Luelle,Female,1979-03-29,80,false
Chennevières-sur-Marne,Eutamias minimus,"Chipmunk, least",Tommi,Female,1986-01-22,55,true
Brooklyn,Columba livia,Feral rock pigeon,Brose,Male,1983-11-15,10,true
Rukem,Microcebus murinus,"Lemur, lesser mouse",Stewart,Male,2007-06-07,24,true
Ambato,Chlidonias leucopterus,White-winged black tern,Melba,Female,1997-10-30,37,true
Tsul-Ulaan,Pytilia melba,"Finch, common melba",Galen,Male,2023-10-25,88,false
Sanquan,Theropithecus gelada,Gelada baboon,Rutter,Male,1997-01-30,4,true
Radostowice,Lemur fulvus,"Lemur, brown",Khalil,Male,2021-05-13,7,true
Selebi-Phikwe,Mabuya spilogaster,"Skink, african",Ora,Female,2003-05-05,43,false
New Orleans,Lophoaetus occipitalis,"Eagle, long-crested hawk",Reg,Male,1998-03-03,66,true
Amapala,Tadorna tadorna,European shelduck,Wandie,Female,1990-06-14,35,true
Chikan,unavailable,Savannah deer (unidentified),Mei,Female,1988-10-25,81,false
Recreio,unavailable,Gecko (unidentified),Natka,Female,1975-11-06,47,true
Independence,Boa caninus,"Boa, emerald green tree",Vitoria,Female,1987-05-19,57,false
Sieniawa Żarska,Canis lupus lycaon,"Wolf, timber",Carroll,Male,1985-03-22,13,false
Rovira,Neotis denhami,"Bustard, denham's",Everard,Male,1991-11-19,32,true
Kostopil’,Buteo jamaicensis,Red-tailed hawk,Ashien,Female,1984-04-20,72,true
Canauay,Ovis ammon,"Sheep, red",Clo,Female,1983-08-08,65,true
Xiaopu,Tockus erythrorhyncus,Red-billed hornbill,Sarina,Female,2020-12-13,31,true
Anguera,Acinynox jubatus,Cheetah,Frans,Male,1980-04-30,12,false
Heshan,Bradypus tridactylus,Pale-throated three-toed sloth,Augustina,Female,1990-02-08,81,false
Estacion,Eutamias minimus,Least chipmunk,Lorne,Female,2008-11-26,62,false
Zagoryanskiy,Cordylus giganteus,Sun gazer,Wilburt,Male,2003-11-11,47,true
Smidary,Gabianus pacificus,Pacific gull,Reinaldo,Male,2010-12-28,9,false
Longwan,Larus novaehollandiae,"Gull, silver",Ilyse,Female,1984-11-02,52,true
Sapat,Pseudocheirus peregrinus,"Possum, ring-tailed",Neel,Male,2002-01-20,96,true
Sáchica,Junonia genoveua,Tropical buckeye butterfly,Shaina,Female,1973-11-08,55,true
Huddinge,Streptopelia senegalensis,"Dove, laughing",Silvain,Male,2019-01-24,28,true
Bonoua,Spermophilus armatus,Uinta ground squirrel,Andres,Male,2020-06-08,71,false
Opatów,Pelecanus occidentalis,"Pelican, brown",Christoper,Bigender,2002-10-26,48,false
Sandayong Sur,Lasiorhinus latifrons,"Wombat, southern hairy-nosed",Penny,Bigender,1976-01-27,15,false
La Paz Centro,Sarcorhamphus papa,"Vulture, king",Cortie,Male,1973-07-31,10,true
Jiazhuang,Equus burchelli,"Zebra, common",Pia,Female,2014-09-14,50,true
Tengah,Uraeginthus angolensis,Blue waxbill,Quintina,Female,2008-03-02,22,false
Jeremoabo,Sylvicapra grimma,"Duiker, common",Fons,Male,1985-05-13,23,true
Cancela,Ceratotherium simum,"Rhinoceros, white",Woodie,Male,2020-07-03,95,false
Riangbaring,Oryx gazella,Gemsbok,Anita,Female,1971-04-16,38,false
Log,Funambulus pennati,Palm squirrel,Lyn,Female,1991-05-06,96,true
Jiangqiao,Ephippiorhynchus mycteria,"Stork, jabiru",Adelaida,Agender,1981-03-02,44,false
Queluz de Baixo,Felis yagouaroundi,Jaguarundi,Bree,Female,2005-10-30,3,true
Lourdes,Ardea cinerea,Gray heron,Harlen,Male,2013-01-13,5,false
Deqing,Ateles paniscus,Black spider monkey,Meghan,Female,2007-10-08,33,false
Fangjun,Francolinus coqui,Coqui partridge,Field,Male,1984-12-30,11,true
Ancol,Meleagris gallopavo,"Turkey, common",Ana,Female,1988-06-29,53,true
Santa Cruz,Ciconia ciconia,White stork,Paulo,Male,2023-02-15,47,true
Orsha,Bucephala clangula,Common goldeneye,Marrissa,Genderfluid,2010-08-26,67,false
Kegeyli Shahar,Anser anser,"Goose, greylag",Haroun,Male,1988-12-16,40,true
Bonao,Vombatus ursinus,"Wombat, common",Lewiss,Male,1974-09-19,93,false
Sar Chakān,Gymnorhina tibicen,"Magpie, black-backed",Sallie,Female,2002-03-24,64,false
Las Animas,Eunectes sp.,Anaconda (unidentified),Diane-marie,Female,2022-07-14,22,false
Aix-en-Provence,unavailable,Paddy heron (unidentified),June,Female,2020-12-19,19,true
Watangan,Uraeginthus granatina,"Waxbill, violet-eared",Lilllie,Female,1984-01-20,42,true
Kristiansand S,Papilio canadensis,"Butterfly, canadian tiger swallowtail",Henry,Male,2013-10-26,35,true
Shouyan,Buteo jamaicensis,"Hawk, red-tailed",Andros,Polygender,2015-01-15,85,false
Augusta,Erinaceus frontalis,South African hedgehog,Almeta,Female,1991-06-22,2,true
Szombathely,Varanus salvator,Water legaan,Milty,Male,1988-12-25,43,false
Xinxu,Vulpes chama,"Fox, silver-backed",Ade,Male,1974-06-11,38,true
Krasni Okny,Morelia spilotes variegata,"Snake, carpet",Rochella,Female,1978-06-28,91,true
Liebu,Macropus agilis,Jungle kangaroo,Ben,Male,1986-09-23,41,true
Paghmān,Spermophilus parryii,"Squirrel, arctic ground",Arleta,Non-binary,2000-03-27,64,false
Vannes,Haliaeetus leucoryphus,Pallas's fish eagle,Pippy,Female,2021-01-17,93,false
Libon,Oncorhynchus nerka,Sockeye salmon,Gavin,Male,2000-07-01,76,true
Sandaotong,Passer domesticus,House sparrow,Tedd,Non-binary,2010-06-18,93,true
Verkhniy Mamon,Centrocercus urophasianus,Sage grouse,Linette,Female,1977-10-02,20,false
Chenda,Dusicyon thous,"Fox, savanna",Conny,Male,2018-02-23,28,true
Hacienda La Calera,Equus hemionus,Onager,Cyril,Male,2011-12-20,1,true
Velká nad Veličkou,Canis aureus,Indian jackal,Mindy,Female,1972-04-11,21,true
Ganxi,Naja haje,"Cobra, egyptian",Gaby,Male,1992-01-02,66,false
Ko Si Chang,Choloepus hoffmani,"Sloth, two-toed tree",Ryun,Male,1975-09-06,44,false
Yanahuanca,Colobus guerza,Guerza,Cristi,Female,1980-12-21,93,false
Eindhoven,Thylogale stigmatica,"Pademelon, red-legged",Xerxes,Male,2021-09-21,22,true
Pustá Polom,Manouria emys,Asian foreset tortoise,Merrill,Male,1997-03-11,95,true
Macabugos,Aepyceros mylampus,Impala,Robert,Male,1996-04-16,73,false
Gaoming,Oxybelis sp.,Vine snake (unidentified),Ninette,Polygender,2018-04-21,8,false
Tyumen,Pycnonotus nigricans,"Bulbul, african red-eyed",Dylan,Male,1978-11-24,10,true
Dagua,Bettongia penicillata,Woylie,Lorri,Female,1989-01-13,90,true
Wuqiao,Scolopax minor,"Woodcock, american",Shawn,Male,2018-10-22,6,true
Tegalbuleud,Dendrohyrax brucel,Dassie,Werner,Male,1992-04-13,82,true
Tiyingtali Kelod,Connochaetus taurinus,"Wildebeest, blue",Vivia,Female,1978-06-01,58,true
Neyrīz,Bassariscus astutus,Ringtail cat,Efren,Male,1972-01-24,24,true
Shilong,Dendrohyrax brucel,Dassie,Bertrand,Polygender,1975-03-27,40,false
Jiaoxie,Oryx gazella,Gemsbok,Aura,Female,2006-04-08,54,true
Polloc,Tyto novaehollandiae,"Owl, australian masked",Sib,Female,2000-11-30,86,true
Yoiqag,Stercorarius longicausus,Long-tailed skua,Kaitlyn,Female,2003-11-05,90,true
Xinsheng,Chlamydosaurus kingii,Frilled lizard,Kimmi,Female,2003-09-12,12,true
Sakassou,Trichoglossus chlorolepidotus,"Lorikeet, scaly-breasted",Adey,Female,2008-03-03,28,false
Qingdao,Ciconia ciconia,White stork,Melony,Female,1988-10-26,48,false
Cilimus Kulon,Pelecans onocratalus,"Pelican, great white",Leyla,Female,1984-08-16,96,true
Purong,Erethizon dorsatum,"Porcupine, north american",Gussy,Female,2020-11-08,4,false
Šalovci,Tyto novaehollandiae,Australian masked owl,Ekaterina,Female,1991-12-01,36,true
Ruda-Huta,Martes americana,American marten,Kiel,Agender,1974-07-24,64,true
Kentau,Sceloporus magister,Desert spiny lizard,Adrien,Male,1989-05-20,49,false
Paris La Défense,Mirounga leonina,Southern elephant seal,Neal,Male,2015-05-25,36,false
Taboão da Serra,Papio ursinus,Chacma baboon,Donnamarie,Female,1972-07-06,100,true
Huiwen,Ninox superciliaris,White-browed owl,Skipton,Male,2003-06-07,49,false
Gornji Petrovci,Charadrius tricollaris,"Plover, three-banded",Yard,Male,1973-03-28,15,false
Aramayuan,Lasiorhinus latifrons,"Wombat, southern hairy-nosed",Idell,Female,1976-04-05,10,false
Dihtyari,Cervus duvauceli,"Deer, swamp",Bar,Male,2014-08-31,73,true
Agboville,Agkistrodon piscivorus,Cottonmouth,Michael,Male,2016-09-22,13,true
Caen,Ceratotherium simum,Square-lipped rhinoceros,Issiah,Male,1976-06-24,79,true
Bahāwalpur,Myrmecophaga tridactyla,"Anteater, giant",Evita,Female,1985-01-28,94,false
Rivera,Felis wiedi or Leopardus weidi,Long-tailed spotted cat,Godfree,Male,2009-11-20,48,true
Al Ḩumaydāt,Loxodonta africana,African elephant,Nollie,Male,1980-02-03,90,false
Longhua,Perameles nasuta,Long-nosed bandicoot,Jeromy,Male,2001-06-28,59,true
Ovidiopol’,Felis concolor,South American puma,Yorgos,Male,1996-01-24,22,true
Domont,Melanerpes erythrocephalus,Red-headed woodpecker,Onfre,Male,1972-12-20,20,false
Iranduba,Uraeginthus granatina,Purple grenadier,Shaw,Male,1986-06-14,41,false
Tân Sơn,Damaliscus dorcas,Bontebok,Lind,Male,2011-12-05,1,true
Pailiao,Sterna paradisaea,"Tern, arctic",Emelen,Male,1988-12-29,47,true
Banyumas,Geochelone radiata,"Tortoise, radiated",Calida,Female,2000-04-07,5,true
Angostura,Dolichitus patagonum,Mara,Clemmy,Male,1982-04-28,46,false
Uddevalla,Coluber constrictor,Racer snake,Colet,Male,1975-01-24,14,false
Makin Village,Canis aureus,Golden jackal,Ted,Male,2002-03-26,37,true
Zhongyuan,Meles meles,European badger,Denis,Bigender,2008-05-31,5,true
Sitangkai,Haematopus ater,Black curlew,Filmer,Male,1990-07-19,79,true
Ngrowo,Halcyon smyrnesis,"Kingfisher, white-throated",Issy,Genderfluid,2020-12-27,92,true
Terre Haute,Phalacrocorax albiventer,"Cormorant, king",Bertram,Male,2008-05-23,33,false
Xiadian,Psittacula krameri,Rose-ringed parakeet,Alva,Genderqueer,1983-04-18,52,true
Aanislag,Felis libyca,Cape wild cat,Arri,Bigender,1970-10-18,89,true
Arapiraca,Podargus strigoides,"Frogmouth, tawny",Gilbertina,Female,1992-03-22,48,true
Oulad Frej,Libellula quadrimaculata,"Dragonfly, russian",Susanna,Female,1992-08-12,7,false
La Maná,Ramphastos tucanus,Red-billed toucan,Malorie,Female,2012-11-04,76,true
Chikeng,Spermophilus parryii,"Squirrel, arctic ground",Raleigh,Non-binary,1975-07-13,29,false
Tourcoing,Centrocercus urophasianus,"Grouse, sage",Devland,Male,2012-10-12,10,false
Novikovo,Anser anser,Greylag goose,Stern,Male,1971-04-06,55,true
San Eduardo,Felis silvestris lybica,"Cat, european wild",North,Male,1976-05-29,8,false
Kaavi,Physignathus cocincinus,Asian water dragon,Alma,Female,1991-05-22,20,false
Matlang,Ictalurus furcatus,Blue catfish,Rab,Male,2009-11-27,3,false
Menzel Abderhaman,Phoenicopterus ruber,"Flamingo, roseat",Karl,Male,1981-06-28,15,true
Umeå,Cervus elaphus,Red deer,Morgen,Female,1993-01-27,91,true
La Purisima,Cebus nigrivittatus,Weeper capuchin,Nat,Male,2020-04-29,32,true
Slobodka,Bubalus arnee,Asian water buffalo,Kipper,Male,2003-10-05,40,true
Bayt Liqyā,Columba livia,"Pigeon, feral rock",Barnabas,Male,2016-10-08,46,true
Outeiro Seco,Corvus brachyrhynchos,"Crow, house",Benjamin,Male,2016-04-19,91,false
Albuquerque,Dasyurus maculatus,Tiger cat,Phyllida,Female,2016-09-15,67,true
Gaplek,Sitta canadensis,"Nuthatch, red-breasted",Audi,Female,1970-10-14,97,true
‘Attīl,Tenrec ecaudatus,"Tenrec, tailless",Rawley,Genderfluid,1971-03-13,48,false
Ujar,Lepus townsendii,White-tailed jackrabbit,Will,Male,2006-01-16,60,true
Youwei,Bucorvus leadbeateri,Leadbeateri's ground hornbill,Rosetta,Female,1981-03-30,21,true
Chelbasskaya,Hystrix cristata,"Porcupine, african",Kylie,Male,1970-11-29,14,true
Jatiklampok,Paroaria gularis,"Cardinal, red-capped",Jennica,Female,1992-07-11,55,false
La Ceja,Ceratotherium simum,"Rhinoceros, white",Titos,Male,2008-02-09,71,true
Zepita,Marmota flaviventris,"Marmot, yellow-bellied",Herculie,Male,2010-11-26,80,false
Kuangshan,Zenaida galapagoensis,Galapagos dove,Marni,Female,2007-09-27,45,true
Kashima-shi,Corvus albicollis,"Raven, white-necked",Cthrine,Female,2009-07-15,78,true
Shabqadar,Alcelaphus buselaphus cokii,Coke's hartebeest,Eberhard,Male,2005-12-04,31,false
Axili,Panthera pardus,Indian leopard,Amery,Male,1985-02-18,22,true
Lugar Novo,Ardea golieth,Goliath heron,Cherrita,Female,2020-08-03,25,false
Datar,Phalacrocorax brasilianus,Neotropic cormorant,York,Polygender,1996-02-08,56,false
Krzeszów,Antidorcas marsupialis,Springbok,Carey,Male,1978-04-27,49,true
El Tablón,Corvus brachyrhynchos,American crow,Norbie,Male,2019-08-25,44,true
Katsuyama,Haliaetus vocifer,African fish eagle,Myrah,Female,1988-10-31,86,false
Mekarsari,Gabianus pacificus,Pacific gull,Geoffrey,Male,1983-10-08,47,false
Olhos de Água,Chauna torquata,"Screamer, crested",Derward,Male,2011-08-13,65,false
Ōdate,Spermophilus tridecemlineatus,"Squirrel, thirteen-lined",Domenic,Male,1989-11-08,6,true
Jardim do Seridó,Procyon cancrivorus,"Raccoon, crab-eating",Rory,Female,1981-08-11,62,true
Živinice,Felis wiedi or Leopardus weidi,"Cat, long-tailed spotted",Linette,Female,1976-05-13,35,false
Miguel Aleman,Oxybelis fulgidus,Green vine snake,Daryn,Female,2012-02-16,48,true
Pasrukrajan Satu,Neophron percnopterus,"Vulture, egyptian",Eleni,Female,1997-09-23,85,false
Pananaw,Pseudocheirus peregrinus,Ring-tailed possum,Daryle,Male,2008-11-02,94,true
Albert Town,Anser anser,Greylag goose,Elva,Female,1975-04-27,98,false
Lancai,Lasiodora parahybana,"Tarantula, salmon pink bird eater",Adler,Male,1979-01-25,69,false
Pacet,Antidorcas marsupialis,Springbok,Elizabeth,Female,1971-01-16,66,false
Duyên Hải,Alouatta seniculus,"Monkey, red howler",Eddie,Male,1993-11-22,89,true
Santulhão,Acridotheres tristis,Common mynah,Finn,Non-binary,1977-11-27,91,true
Xicun,Cacatua tenuirostris,Slender-billed cockatoo,Brien,Male,2016-11-30,8,false
Chocianów,Butorides striatus,Green heron,Ingrid,Female,2004-03-10,57,true
Ágios Spyrídon,Crotalus cerastes,Sidewinder,Benedikt,Male,2013-05-12,3,false
Chang’an,Psophia viridis,Dark-winged trumpeter,Emmeline,Female,1989-08-27,58,true
Shigu,Bubo virginianus,Great horned owl,Gusti,Female,1987-08-15,88,false
Komoro,Meleagris gallopavo,"Turkey, common",Tucky,Male,2005-09-23,47,true
Noailles,Odocoileus hemionus,Black-tailed deer,Hube,Male,1977-07-31,84,true
Beranci,Funambulus pennati,"Squirrel, palm",Steffi,Female,2009-05-23,53,false
Ibadan,Cervus unicolor,Sambar,Rorie,Agender,2023-07-01,87,false
San Antonio,Cathartes aura,"Vulture, turkey",Roshelle,Female,1998-11-16,2,false
Lopatyn,Coluber constrictor,Racer snake,Timmie,Male,1988-03-31,98,false
Lomboy,Tamiasciurus hudsonicus,Red squirrel,Binky,Male,1998-03-18,80,true
Monte Alto,Varanus komodensis,"Dragon, komodo",Vic,Male,2008-01-30,10,false
Fatou,unavailable,Swallow (unidentified),Con,Male,1982-01-03,42,true
Niuzhuang,Lophoaetus occipitalis,"Eagle, long-crested hawk",Hieronymus,Male,2000-02-01,46,true
Nageswari,Taurotagus oryx,Common eland,Rooney,Male,2008-05-24,7,true
København,Paradoxurus hermaphroditus,Common palm civet,Gretchen,Agender,1999-07-26,83,true
McKinley,Grus canadensis,Sandhill crane,Axe,Male,1984-04-13,76,false
Zhayang,Acanthaster planci,"Starfish, crown of thorns",Desirae,Female,1987-07-07,84,true
Nyangao,Ara chloroptera,Red and blue macaw,Natalie,Female,1974-08-31,66,false
Taihe Chengguanzhen,Epicrates cenchria maurus,Columbian rainbow boa,Olag,Male,1979-07-18,49,false
Ngangpo,Tenrec ecaudatus,"Tenrec, tailless",Waring,Male,1988-08-29,37,false
Potlot,Caiman crocodilus,"Caiman, spectacled",Mathian,Male,2005-02-21,90,false
Gaspra,Petaurus breviceps,Sugar glider,Malinda,Genderqueer,1996-03-14,47,false
Nansan,Myotis lucifugus,"Bat, little brown",Tiertza,Female,1976-12-18,80,true
Lianshan,Vulpes cinereoargenteus,"Fox, grey",Daniela,Female,2005-06-27,62,true
Staropavlovskaya,Tauraco porphyrelophus,"Turaco, violet-crested",Konstance,Female,1974-09-06,57,true
Júlio de Castilhos,Bison bison,American bison,Lawrence,Male,2018-02-23,85,true
Luzern,Macropus agilis,"Kangaroo, jungle",Hendrick,Male,1986-11-04,89,true
Murça,Amphibolurus barbatus,Western bearded dragon,Dorolice,Female,2012-04-10,28,false
Fort Worth,Sciurus vulgaris,"Squirrel, eurasian red",Artemus,Male,2007-10-25,95,true
Skerries,Haliaetus leucogaster,"Eagle, white-bellied sea",Sena,Female,1973-09-15,13,false
Qingduizi,Mycteria leucocephala,Painted stork,Koralle,Female,1980-04-12,5,false
Sangke,Choriotis kori,"Bustard, kori",Darleen,Female,2002-12-06,4,false
Zhong’an,Actophilornis africanus,Lily trotter,Chantalle,Female,1992-11-15,90,true
Pyongyang,Felis caracal,"Lynx, african",Wye,Male,1992-10-27,76,true
Novi Šeher,Snycerus caffer,"Buffalo, african",Maggy,Female,1986-03-18,73,true
Uralets,unavailable,Python (unidentified),Carlyn,Female,1995-08-05,30,true
Rizal,Platalea leucordia,"Spoonbill, white",Yolande,Female,1984-11-12,70,true
Puyuan,Meleagris gallopavo,"Turkey, wild",Walther,Male,1996-07-20,87,false
Kuleqi,Varanus sp.,Goanna lizard,Verena,Female,2021-11-26,74,true
Fuwen,Hystrix indica,"Porcupine, indian",Dedra,Female,2018-03-07,11,true
Barão de Cocais,Ara macao,Scarlet macaw,Sidoney,Female,2009-06-04,71,false
Dagda,Terrapene carolina,"Turtle, eastern box",Marabel,Female,2007-10-15,45,true
Tando Muhammad Khān,Eubalaena australis,"Whale, baleen",Gawain,Male,1990-12-16,27,false
Yuhang,Macropus eugenii,Dama wallaby,Wallie,Male,1984-11-19,90,false
Ust’ye,unavailable,Western palm tanager (unidentified),Harley,Non-binary,2012-12-14,31,true
Santa Lucía,Phalacrocorax niger,"Cormorant, javanese",Moria,Female,1985-03-25,70,true
Tuanlin,Raphicerus campestris,Steenbuck,Thoma,Male,2009-02-24,30,true
Erhe,Anser anser,Greylag goose,Rosabella,Female,1990-03-22,85,true
Mwense,Alligator mississippiensis,Mississippi alligator,Alfi,Female,2009-03-22,44,false
Porsgrunn,Ratufa indica,Malabar squirrel,Orelle,Female,1977-08-27,16,true
Aţ Ţaybah,Diceros bicornis,"Rhinoceros, black",Blake,Male,1999-08-11,32,false
Watrous,Phascogale calura,"Wambenger, red-tailed",Glennis,Agender,2019-08-27,70,false
Kudowa-Zdrój,Choloepus hoffmani,"Sloth, two-toed",Cash,Male,2020-01-23,93,true
Topola,Oreamnos americanus,"Goat, mountain",Brennan,Male,1998-07-29,26,true
Islamey,Cochlearius cochlearius,"Heron, boat-billed",Beck,Male,1990-06-22,54,true
Thị Trấn Trùng Khánh,Litrocranius walleri,Gerenuk,Itch,Male,1979-08-12,19,true
Darkovice,Merops bullockoides,"Bee-eater, white-fronted",Carita,Female,2018-07-23,31,false
Phalaborwa,Ceratotherium simum,"Rhinoceros, square-lipped",Ulberto,Polygender,1973-03-01,70,true
Sanxi,Varanus sp.,"Legaan, ground",Babara,Female,2020-07-26,11,true
Rengasdengklok,Mazama gouazoubira,Brown brocket,Bevan,Male,1976-09-11,90,false
Ortega,Kobus vardonii vardoni,Puku,Glory,Female,1979-07-18,4,false
Waihai,Macropus eugenii,"Wallaby, dama",Dur,Male,2012-07-28,43,true
Luxi,Bubalornis niger,"Weaver, red-billed buffalo",Jerrylee,Female,2022-08-31,53,true
Phayuha Khiri,Phacochoerus aethiopus,Warthog,Tam,Male,2022-01-30,72,true
San Luis,Spermophilus richardsonii,"Squirrel, richardson's ground",Star,Female,1998-03-07,78,true
Gustavsberg,Castor canadensis,American beaver,Chad,Male,2023-10-08,74,true
Gweedore,Recurvirostra avosetta,Pied avocet,Fernande,Female,1974-12-18,84,false
Senlis,Taurotagus oryx,Common eland,Ara,Non-binary,1997-05-14,27,true
Bibiani,unavailable,Lizard (unidentified),Alanson,Male,1971-10-20,30,false
New Pandanon,Varanus komodensis,Komodo dragon,Rozina,Female,1986-01-23,42,false
Killarney,Columba palumbus,"Pigeon, wood",Nathaniel,Male,2007-01-02,66,false
Göteborg,Callorhinus ursinus,Northern fur seal,Alyda,Female,2004-09-09,43,false
San Miguel,Cacatua tenuirostris,"Cockatoo, slender-billed",Kelcy,Female,2000-07-03,42,false
Rundeng,Felis caracal,Caracal,Harri,Female,2011-02-02,3,true
Lamas,Felis chaus,Jungle cat,Simone,Female,2014-07-04,46,true
Boulaide,Zosterops pallidus,"White-eye, cape",Tamarah,Female,2004-10-08,12,false
Kalamáta,Tamiasciurus hudsonicus,Red squirrel,Thelma,Polygender,2021-10-29,40,true
Néa Filadélfeia,Sula nebouxii,"Booby, blue-footed",Olivie,Female,1979-05-11,79,true
Almere Haven,Columba livia,Feral rock pigeon,Broderick,Male,1970-07-09,91,true
Nang Rong,Alopochen aegyptiacus,Egyptian goose,Izak,Male,2005-01-08,9,false
Springfield,Lamprotornis nitens,Cape starling,Gisela,Female,1995-11-24,15,false
Bensonville,Hymenolaimus malacorhynchus,Mountain duck,Sorcha,Female,2018-05-16,90,false
Oleksandrivka,Hippopotamus amphibius,Hippopotamus,Nolie,Female,1981-03-27,20,false
Soacha,Ephipplorhynchus senegalensis,Saddle-billed stork,Alastair,Male,2018-01-09,57,false
Novosin’kovo,Phalaropus lobatus,Northern phalarope,Gerda,Female,2016-09-11,39,true
Promyshlennaya,Corvus albus,Pied crow,Waring,Male,2011-08-04,58,false
Knyaze-Volkonskoye,Heloderma horridum,"Monster, gila",Reid,Male,1970-09-26,65,false
Hongguang,Tockus erythrorhyncus,Red-billed hornbill,Hugh,Genderqueer,2010-04-21,72,false
Mtsensk,Bubalus arnee,"Buffalo, asian water",Jodi,Male,2023-06-07,48,true
Tiwi,Acrantophis madagascariensis,Eastern boa constrictor,Winifred,Female,2004-03-30,73,false
Dondon,Chlamydosaurus kingii,"Dragon, frilled",Bianca,Female,1987-12-30,28,true
Telêmaco Borba,Megaderma spasma,Asian false vampire bat,Bruno,Male,2014-11-11,57,true
Vichy,Phoenicopterus ruber,Greater flamingo,Breena,Female,1992-12-15,51,true
Mimbaan Timur,Epicrates cenchria maurus,Columbian rainbow boa,Sallee,Female,2004-05-24,60,true
Benešov nad Ploučnicí,Sylvicapra grimma,"Duiker, common",Dell,Female,2006-09-21,17,true
Kaliprak,Cervus canadensis,"Elk, Wapiti",Lief,Male,2002-07-07,32,false
Mayang,Lycaon pictus,"Dog, african wild",Carol,Female,1985-12-22,48,false
Nyzhnya Krynka,Procyon cancrivorus,Crab-eating raccoon,Hewett,Male,1990-06-01,68,true
Nigel,Pelecans onocratalus,"Pelican, great white",Harlin,Male,1984-01-24,84,false
Sedatiagung,Oryx gazella,Beisa oryx,Brade,Male,1999-02-07,41,true
Karangan,Bos frontalis,Gaur,Luce,Genderqueer,2012-04-09,100,true
Pacanga,Carduelis pinus,"Siskin, pine",Michele,Female,2015-08-17,39,false
Serpukhov,Dasyurus maculatus,Tiger cat,Jojo,Female,2023-03-21,29,true
Vällingby,Felis concolor,South American puma,Inness,Male,1981-02-26,8,false
Osiek nad Notecią,Alligator mississippiensis,Mississippi alligator,Laural,Female,1975-12-07,29,false
Kara,unavailable,Herring gull,Maurice,Male,2020-02-29,91,true
Blagoveshchensk,Lutra canadensis,"Otter, north american river",Damiano,Male,1998-12-06,26,true
Jinka,Cervus canadensis,"Elk, Wapiti",Jonathon,Bigender,2014-12-24,88,true
Ponikiew,Gorilla gorilla,"Gorilla, western lowland",Luisa,Female,1992-10-07,4,false
Quintã,Francolinus swainsonii,Swainson's francolin,Gabi,Female,2011-07-16,26,false
Siyabuswa,Porphyrio porphyrio,Purple moorhen,Holly,Male,1997-12-16,94,false
Táriba,Mycteria leucocephala,"Stork, painted",Drusi,Female,1986-09-15,49,true
Guifões,Porphyrio porphyrio,"Moorhen, purple",Donalt,Genderfluid,2014-07-03,53,false
Danderyd,Dusicyon thous,"Fox, savanna",Marty,Male,1970-10-15,5,true
Gerelayang,Coluber constrictor foxii,Blue racer,Lucio,Male,1970-09-19,33,true
Al Qurayn,Dicrostonyx groenlandicus,Arctic lemming,Bartolemo,Bigender,2016-03-16,51,true
Zürich,Salvadora hexalepis,"Snake, western patch-nosed",Arin,Male,1978-04-28,73,true
Oras,Vulpes chama,"Fox, silver-backed",Corliss,Female,1992-12-06,96,false
Auki,unavailable,Mudskipper (unidentified),Raul,Male,1995-10-09,59,true
Liantan,Choloepus hoffmani,"Sloth, hoffman's",Carree,Female,2019-01-18,24,true
Hongsipu,Mazama gouazoubira,Brown brocket,Kent,Male,2020-11-22,84,true
Sanjian,Diceros bicornis,Black rhinoceros,Reena,Female,1981-12-31,40,true
Gesik,Ara ararauna,Blue and gold macaw,Leeann,Female,1974-03-02,91,true
Houyu,Gabianus pacificus,"Gull, pacific",Conn,Male,2019-03-02,37,false
Aucallama,Otaria flavescens,Southern sea lion,Waly,Female,1998-03-14,87,false
Simpang,Rana sp.,Frog (unidentified),Vite,Male,2008-05-24,56,false
Whittlesea,Rhea americana,Gray rhea,Ripley,Male,2001-05-14,84,true
Córdoba,Marmota flaviventris,"Marmot, yellow-bellied",Lia,Female,1989-02-04,31,false
Guangchen,Grus rubicundus,Brolga crane,Tobie,Male,1975-12-23,6,true
Hacıqabul,Aegypius tracheliotus,"Vulture, black",Katalin,Female,1981-04-03,33,true
Biaoshan,Balearica pavonina,"Crane, black-crowned",Sharon,Female,1999-01-19,48,true
Sada,Anhinga rufa,African darter,Romeo,Male,2018-12-20,66,false
Jiuli,Callipepla gambelii,"Quail, gambel's",Dolly,Female,1982-12-07,25,true
Gjinkar,Sceloporus magister,Desert spiny lizard,Nicolea,Female,2022-10-21,94,true
Whitegate,Lasiodora parahybana,Salmon pink bird eater tarantula,Mandel,Male,1994-01-11,39,false
Agalteca,Eudyptula minor,Little blue penguin,Locke,Male,2021-10-16,69,true
Paris 13,Equus hemionus,Asiatic wild ass,Orrin,Male,1986-03-11,96,false
Akita Shi,Pycnonotus nigricans,African red-eyed bulbul,Lanita,Female,1992-01-27,60,false
Phra Yuen,Nucifraga columbiana,Clark's nutcracker,Hunfredo,Genderqueer,2012-04-22,88,false
Ban Mai,Elephas maximus bengalensis,"Elephant, asian",Perceval,Genderfluid,1984-10-06,56,false
Pardubice,Haematopus ater,Black curlew,Roseline,Female,1989-08-05,26,true
Lebahseri,Eudyptula minor,"Penguin, fairy",Beniamino,Male,2012-11-12,26,true
Yeri,Tiliqua scincoides,"Skink, blue-tongued",Miranda,Female,1973-11-06,41,true
Sabaneta,Corvus brachyrhynchos,House crow,Chan,Male,1985-09-11,22,true
Dongbang,Leptoptilus dubius,Greater adjutant stork,Arni,Male,2015-08-12,97,true
Masipi West,Sus scrofa,"Boar, wild",Roxana,Female,1988-06-22,57,false
Doljo,Varanus sp.,Ground legaan,Zacherie,Male,2001-10-27,43,false
Červená Voda,Chlidonias leucopterus,White-winged black tern,Renata,Female,2016-10-08,91,false
Van Nuys,Ursus arctos,"Bear, grizzly",Zollie,Male,2017-04-04,56,true
Penghua,Eolophus roseicapillus,Roseate cockatoo,Marty,Male,1994-04-12,89,true
Bajingzi,Diomedea irrorata,Galapagos albatross,Christyna,Female,1989-11-21,62,true
Przystajń,Ateles paniscus,Black spider monkey,Michaeline,Female,2010-06-16,75,false
Plomárion,Irania gutteralis,White-throated robin,Coraline,Female,2016-09-14,94,false
Killumney,Pituophis melanaleucus,Pine snake (unidentified),Barbabas,Male,1992-05-22,95,true
Pandanrejokrajan,Tragelaphus angasi,Nyala,Jen,Female,2023-09-21,6,true
Sebedo,Corvus albus,"Crow, pied",Horatio,Male,2015-02-05,64,false
Marinići,Chauna torquata,Southern screamer,Tyrus,Male,1977-03-11,3,false
Gongnong,Ictonyx striatus,"Polecat, african",Arther,Male,1977-07-14,34,false
Junliangcheng,Stercorarius longicausus,Long-tailed skua,Paulo,Male,2017-02-01,41,true
Wang Noi,Felis caracal,Caracal,Willetta,Female,1980-08-29,81,true
Dumbéa,Toxostoma curvirostre,Curve-billed thrasher,Salvador,Male,2014-04-23,21,true
Kangmei,Ictonyx striatus,"Polecat, african",Fairlie,Male,1987-12-22,45,false
Shiren,Physignathus cocincinus,Asian water dragon,Bree,Female,1985-06-17,86,true
Paraiso,Ploceus rubiginosus,"Weaver, chestnut",Hatty,Genderqueer,1984-02-27,34,true
Bonebone,Genetta genetta,"Genet, small-spotted",Kylila,Female,1986-08-28,62,false
Dongfeng,Trichosurus vulpecula,"Possum, golden brush-tailed",Eyde,Female,1985-10-13,88,true
Qiying,Manouria emys,Burmese black mountain tortoise,Joelle,Female,2007-12-26,11,true
Vihti,Francolinus leucoscepus,Yellow-necked spurfowl,Gabby,Male,1993-01-22,9,false
Água Preta,Zosterops pallidus,"White-eye, pale",Julius,Male,2011-05-20,79,false
Medvedovskaya,Semnopithecus entellus,Hanuman langur,Ashly,Female,2021-09-25,53,true
Nancha,Nectarinia chalybea,"Sunbird, lesser double-collared",Freda,Female,2006-09-14,12,false
Mitry-Mory,Sylvicapra grimma,"Duiker, common",Clemente,Male,1998-05-02,11,true
Gorodets,Aonyx capensis,African clawless otter,Marget,Female,2016-03-22,45,false
Ramiriquí,Spilogale gracilis,"Skunk, western spotted",Lura,Female,1972-07-14,49,false
Huaccana,Tadorna tadorna,"Shelduck, common",Ozzie,Male,1990-09-22,23,true
Gjoçaj,Cacatua tenuirostris,"Cockatoo, long-billed",Neala,Agender,2000-08-19,53,false
San Pedro Pinula,Libellula quadrimaculata,Four-spotted skimmer,Lyle,Male,1990-06-23,26,false
Ojos de Agua,Tamiasciurus hudsonicus,"Squirrel, pine",Felice,Female,1974-03-14,82,false
Sambava,Uraeginthus granatina,Purple grenadier,Jeannine,Female,2008-01-11,51,false
Arcangel,Tursiops truncatus,Bottle-nose dolphin,Louisa,Female,2022-08-02,33,false
Neiba,Pteropus rufus,"Bat, madagascar fruit",Hansiain,Male,1982-04-07,38,true
Gouping,Mirounga angustirostris,Northern elephant seal,Rochette,Agender,2001-09-26,76,true
Swellendam,Vulpes chama,Silver-backed fox,Lyon,Male,2004-01-07,19,false
Paloh,Balearica pavonina,Black-crowned crane,Rice,Male,2017-08-19,38,false
Daoxian,Macropus eugenii,"Wallaby, tammar",Hali,Bigender,1985-08-24,51,true
Valada,Podargus strigoides,"Frogmouth, tawny",Tallie,Male,1974-03-11,66,false
Xiaqiao,Paraxerus cepapi,Smith's bush squirrel,Dalila,Female,1978-08-23,40,false
Qinhong,Lophoaetus occipitalis,"Eagle, long-crested hawk",Marti,Female,1996-12-25,39,false
Semanding Barat,Dicrostonyx groenlandicus,"Lemming, arctic",Slade,Male,2007-12-07,30,false
Shishan,Centrocercus urophasianus,Sage grouse,Berrie,Female,1989-08-30,8,true
Nové Město pod Smrkem,Irania gutteralis,White-throated robin,Terry,Female,2015-11-17,82,true
Ferme-Neuve,Bucorvus leadbeateri,"Hornbill, southern ground",Bettine,Female,1986-10-15,73,false
Kallithéa,Dasyurus viverrinus,"Cat, native",Gwenette,Female,1978-12-01,41,false
Xiamayu,Colobus guerza,"Colobus, magistrate black",Mady,Female,2014-07-02,23,false
Bonga,Gopherus agassizii,"Tortoise, desert",Sherline,Female,2002-12-18,1,true
Panzhou,Gyps fulvus,Griffon vulture,Correy,Female,1978-11-23,54,true
Selaparang Timur,Struthio camelus,Ostrich,Clay,Male,1994-07-30,43,true
Shimo-furano,Tringa glareola,"Sandpiper, spotted wood",Kaylil,Female,2004-02-20,15,false
Puente Alto,Notechis semmiannulatus,"Snake, tiger",Nani,Female,2022-02-07,27,false
Pagersari,Macropus rufus,Red kangaroo,Elizabet,Female,2022-05-09,63,true
Zbąszynek,Helogale undulata,Eastern dwarf mongoose,Lorilee,Female,2012-07-19,70,false
Pau,Gazella granti,"Gazelle, grant's",Roger,Male,1972-09-02,28,true
Şabrātah,Dasypus septemcincus,"Armadillo, seven-banded",Cecelia,Female,1994-06-18,33,false
Tsuruga,Hymenolaimus malacorhynchus,Mountain duck,Geordie,Male,1987-11-04,95,true
Noailles,Alopex lagopus,Blue fox,Patricia,Female,1985-05-27,60,false
Vale da Pedra,Pteropus rufus,"Bat, madagascar fruit",Mitchell,Male,1988-03-28,38,true
Latowicz,Merops nubicus,Carmine bee-eater,Nikolai,Male,2001-03-03,43,true
Mostovskoy,Spizaetus coronatus,Crowned hawk-eagle,Nert,Female,1987-05-11,54,true
Ishkhoy-Yurt,Ictalurus furcatus,Blue catfish,Terese,Female,1994-03-01,63,false
Thạnh Mỹ,Geochelone elegans,"Tortoise, indian star",Agatha,Genderfluid,2003-05-08,30,false
Ankazobe,Acridotheres tristis,"Mynah, indian",Ichabod,Male,2000-08-16,34,false
Paris 11,Bradypus tridactylus,"Sloth, pale-throated three-toed",Stormy,Female,1985-12-31,93,true
Polešovice,Nasua narica,White-nosed coatimundi,Leanna,Female,2005-09-07,29,true
Turpay,Dasyurus maculatus,Tiger cat,Adamo,Agender,2012-06-05,26,true
São João Nepomuceno,Heloderma horridum,Gila monster,Phillipp,Male,2012-09-25,49,true
Tamuning-Tumon-Harmon Village,Canis latrans,Coyote,Barnabas,Male,1987-07-03,4,true
Donim,Amblyrhynchus cristatus,Marine iguana,Winona,Female,2018-07-02,34,false
Ārt Khwājah,Carduelis uropygialis,Yellow-rumped siskin,Alexandre,Male,2022-06-29,94,true
Esik,Anser anser,Greylag goose,Mattias,Male,1995-09-16,62,true
Snizhne,Ammospermophilus nelsoni,Antelope ground squirrel,Jesse,Male,2018-07-07,71,true
Ngasinan,Pterocles gutturalis,Yellow-throated sandgrouse,Uriel,Male,1986-08-20,55,true
Santiago del Torno,Theropithecus gelada,Bleeding heart monkey,Esteban,Male,2009-08-20,17,false
Al Manāqil,Ctenophorus ornatus,"Dragon, ornate rock",Bertine,Female,1981-12-24,65,true
El Paso,Nesomimus trifasciatus,Galapagos mockingbird,Brigitte,Female,1991-07-12,42,true
Salto de Pirapora,Pterocles gutturalis,"Sandgrouse, yellow-throated",Alvera,Female,1989-02-18,65,true
Thị Trấn Tà Lùng,Papio cynocephalus,Savanna baboon,Milicent,Female,1994-11-22,17,false
Malicboy,Acanthaster planci,Crown of thorns starfish,Marchall,Male,1998-05-03,95,false
Kumane,Sylvicapra grimma,Common duiker,Althea,Female,2004-08-29,29,true
Dalkey,Balearica pavonina,Black-crowned crane,Kenna,Female,2016-07-02,52,false
Cibaregbeg,Trichoglossus haematodus moluccanus,"Lory, rainbow",Emlynn,Female,1997-06-27,97,true
Chachagüí,Pteropus rufus,"Bat, madagascar fruit",Sheila,Female,1999-01-24,39,true
Campos Novos,Galago crassicaudataus,"Bushbaby, large-eared",Annamaria,Female,2001-08-05,25,false
Quixadá,Anthropoides paradisea,"Crane, stanley",Brodie,Male,1995-11-04,56,false
Qingquan,unavailable,Turtle (unidentified),Alleyn,Male,1989-12-29,98,true
Saint Louis,Junonia genoveua,Genoveva,Codee,Female,2001-08-04,30,false
Conima,Tachybaptus ruficollis,"Grebe, little",Karia,Female,2012-08-21,20,false
Ke’erlun,Lutra canadensis,"Otter, north american river",Weider,Male,1974-01-11,8,true
Enonkoski,Lepus townsendii,White-tailed jackrabbit,Merla,Female,1982-06-24,55,true
Farīmān,Laniarius ferrugineus,"Shrike, common boubou",Son,Male,2004-08-11,8,false
Ubon Ratchathani,Ramphastos tucanus,White-throated toucan,Lillis,Female,2000-04-19,12,false
Tombu,Cabassous sp.,Eleven-banded armadillo (unidentified),Izzy,Male,2004-05-21,64,true
Donomulyo,Mycteria ibis,Yellow-billed stork,Zaria,Female,2021-06-05,11,false
Khalkhāl,Colobus guerza,"Colobus, magistrate black",Erv,Male,2020-03-27,6,false
Stuttgart,Phalaropus lobatus,"Phalarope, northern",Antonio,Male,2008-07-02,60,true
Novi Kneževac,Dasyurus viverrinus,Eastern quoll,Berni,Female,1971-10-16,94,true
Dungang,Phoeniconaias minor,Lesser flamingo,Othella,Female,1981-12-22,75,true
Vista Hermosa,Tadorna tadorna,European shelduck,Tabor,Male,1984-07-23,21,true
Néo Psychikó,Oryx gazella callotis,"Oryx, fringe-eared",Valerye,Female,1996-02-19,53,true
Shaguotun,Butorides striatus,Green-backed heron,Clarke,Male,1989-07-04,93,false
Dongla,Macropus fuliginosus,"Kangaroo, black-faced",Elianora,Bigender,2013-04-04,57,false
Sobral,Bison bison,"Bison, american",Immanuel,Genderqueer,2006-07-31,95,false
New Sibonga,Cercatetus concinnus,"Possum, western pygmy",Blakeley,Female,2012-12-01,44,true
Lecong,Ciconia episcopus,Woolly-necked stork,Katya,Polygender,2004-05-29,98,true
Kuala Lumpur,Merops nubicus,Nubian bee-eater,Haleigh,Male,2008-01-21,61,false
Minador do Negrão,Ursus maritimus,Polar bear,Brear,Female,1974-12-22,20,false
Maisons-Laffitte,Macropus rufus,"Kangaroo, red",Angeline,Female,1988-06-05,51,true
Chengbei,Psophia viridis,Green-winged trumpeter,Xenos,Male,1998-12-14,81,true
Yanmenguan,Ephippiorhynchus mycteria,Black-necked stork,Rowen,Male,1994-12-19,31,true
Kembang,Alouatta seniculus,"Monkey, red howler",Vachel,Male,2008-05-24,7,true
Dubno,Drymarchon corias couperi,Eastern indigo snake,Elia,Male,1982-06-27,95,false
Jambuir Timur,Plocepasser mahali,"Weaver, white-browed sparrow",Margarete,Female,2007-06-25,80,false
Kebon,Felis yagouaroundi,Jaguarundi,Urban,Non-binary,1995-04-12,27,false
Lamu,Diceros bicornis,Black rhinoceros,Bella,Female,1971-10-25,10,false
Chenjiaba,Aonyx cinerea,Small-clawed otter,Sammie,Male,1972-10-22,42,true
Taiping,Microcebus murinus,Grey mouse lemur,Brandie,Female,1996-02-29,2,false
Alagoinhas,Phalacrocorax niger,Little cormorant,Kayle,Female,1977-10-21,27,true
Kovači,Corvus albicollis,Cape raven,Lurline,Female,2016-06-17,43,true
Kasaoka,Meleagris gallopavo,Wild turkey,Edward,Genderfluid,1988-01-09,43,false
Gunungsari,Macropus eugenii,"Wallaby, dama",Foss,Male,2001-01-18,34,false
Farīdpur,Crotalus cerastes,"Rattlesnake, horned",Cleopatra,Polygender,1989-01-29,88,false
Tortosa,Grus antigone,"Crane, sarus",Dav,Male,2004-08-16,87,true
Jinzhuang,Uraeginthus granatina,Purple grenadier,Gradey,Male,2016-01-19,31,false
Pulau Pinang,Meleagris gallopavo,Wild turkey,Heall,Male,1978-01-05,64,true
Solnechnoye,Sylvilagus floridanus,"Rabbit, eastern cottontail",Adrian,Male,2009-12-28,80,true
Vale de Santarém,Marmota flaviventris,"Marmot, yellow-bellied",Thomasina,Female,1982-04-19,50,true
Balas,Phasianus colchicus,Ring-necked pheasant,Twyla,Female,1992-04-06,75,false
Songkan,Epicrates cenchria maurus,"Boa, columbian rainbow",Ileane,Female,2023-10-03,79,true
Hantara,Manouria emys,"Tortoise, burmese brown mountain",Irwin,Male,2000-08-05,72,true
Manacsac,Paraxerus cepapi,"Squirrel, smith's bush",Sari,Female,1972-03-20,60,false
Sulak,Mirounga leonina,"Seal, southern elephant",Dixie,Female,2004-05-05,100,false
Kiaranonggeng,Anhinga rufa,African darter,Gaylene,Female,1975-09-19,95,false
Stavanger,Junonia genoveua,Tropical buckeye butterfly,Salomone,Male,1992-10-28,30,true
Guadalupe,Certotrichas paena,Kalahari scrub robin,Tremayne,Male,1988-07-14,9,false
Yuekou,unavailable,Caracara (unidentified),Inessa,Female,1982-03-15,38,false
Daxing,Snycerus caffer,African buffalo,Ollie,Male,1974-10-05,33,true
Norton,Gymnorhina tibicen,Black-backed magpie,Dyana,Female,1996-09-23,74,true
Gongrong,Macropus rufogriseus,Red-necked wallaby,Free,Male,1997-01-22,29,true
Jawhar,Coluber constrictor foxii,"Racer, blue",Frasco,Male,2017-06-08,28,false
Cát Bà,Zosterops pallidus,Pale white-eye,Maurise,Male,1978-01-21,12,true
Banjarejo,Alligator mississippiensis,"Alligator, american",Shawn,Male,2018-10-27,91,true
Las Garcitas,Cebus apella,"Capuchin, brown",Torre,Male,1988-04-29,86,true
Dongfeng,Catharacta skua,Great skua,Garreth,Male,1988-11-14,26,false
Mazatenango,Lybius torquatus,"Barbet, black-collared",Janifer,Female,1977-08-18,84,true
Jūybār,Gyps fulvus,Griffon vulture,Susannah,Female,1985-11-09,13,false
Areado,Alcelaphus buselaphus caama,Red hartebeest,Gaby,Male,2019-02-10,29,true
Rogowo,Lycaon pictus,African wild dog,Sean,Male,1976-10-16,49,true
Warwick,Cervus canadensis,"Wapiti, elk,",Marianna,Female,1995-12-18,60,false
Bulnes,Spermophilus armatus,"Squirrel, uinta ground",Sanderson,Male,2017-03-22,49,true
Barroco,Morelia spilotes variegata,Carpet snake,Gilemette,Female,1986-07-11,21,true
Jangas,Choloepus hoffmani,"Sloth, two-toed",Katya,Genderfluid,1993-09-09,100,true
Honghualiangzi,Hyaena brunnea,"Hyena, brown",Bibbie,Female,2015-03-18,52,false
Tarata,Amblyrhynchus cristatus,"Iguana, marine",Robbie,Male,1975-09-25,95,false
Banhā,Milvago chimachima,Yellow-headed caracara,Colin,Male,1997-11-19,56,true
Ligonggang,Alcelaphus buselaphus cokii,Coke's hartebeest,Boyce,Male,1991-07-01,72,true
Vicuña,Odocoilenaus virginianus,"Deer, white-tailed",Reggy,Male,1984-03-09,47,true
Qeshm,Ursus maritimus,Polar bear,Etheline,Female,1987-12-05,75,true
Caldas das Taipas,Papio cynocephalus,"Baboon, olive",Chickie,Female,2022-06-15,85,true
Villa Altagracia,Dasyurus maculatus,"Quoll, spotted-tailed",Sandra,Female,1985-05-14,49,true
Cuiabá,Dolichitus patagonum,Mara,Vlad,Male,2018-12-23,69,false
Fengren,Zalophus californicus,"Lion, galapagos sea",Ellyn,Female,1996-10-04,86,false
Komorní Lhotka,Phalaropus lobatus,Red-necked phalarope,Bruce,Male,1988-06-26,15,true
Jing’an,Psittacula krameri,Rose-ringed parakeet,Fredek,Male,2003-10-31,22,false
Robonkon,Tursiops truncatus,Bottle-nose dolphin,Celia,Female,1997-01-28,3,false
Kostopil’,Castor fiber,European beaver,Poul,Male,2001-07-18,7,true
Vlachovo Březí,Cygnus buccinator,"Swan, trumpeter",Jannelle,Agender,2000-12-07,11,false
Arnaía,Nannopterum harrisi,"Cormorant, flightless",Zacharia,Male,1989-04-01,95,false
Waldbillig,Eudyptula minor,Fairy penguin,Marj,Female,1993-04-20,53,true
As Sālimīyah,Junonia genoveua,Genoveva,Honor,Female,2005-09-08,90,true
Tuanjie,unavailable,Ant (unidentified),Marshal,Male,2015-04-18,97,true
Sukarame,Varanus salvator,Two-banded monitor,Clementine,Female,1973-02-04,49,false
Delicias,Loris tardigratus,"Loris, slender",Holly-anne,Female,2002-06-05,38,false
Mukařov,Himantopus himantopus,Black-winged stilt,Kacey,Bigender,1991-04-23,1,false
Okpo,Leptoptilus dubius,"Stork, greater adjutant",Arther,Non-binary,2018-05-02,95,false
Szombathely,Gopherus agassizii,"Tortoise, desert",Sollie,Male,1989-11-06,9,true
Yangiyŭl,Eudyptula minor,"Penguin, fairy",Henriette,Non-binary,1971-03-11,32,true
Orsay,Vulpes chama,"Fox, cape",Clara,Female,2010-01-17,94,false
Novogornyy,Dicrostonyx groenlandicus,Arctic lemming,Cariotta,Female,2003-04-09,48,true
Lávara,Zosterops pallidus,"White-eye, pale",Geneva,Genderqueer,2009-10-30,93,false
Wonda,Isoodon obesulus,Short-nosed bandicoot,Simone,Female,1990-12-15,91,true
Tagbilaran City,Hymenolaimus malacorhynchus,"Duck, mountain",Egon,Male,1981-04-13,21,true
Bhopālwāla,Columba palumbus,Wood pigeon,Culver,Male,1991-11-30,79,false
Capivari,Boa constrictor mexicana,Mexican boa,Roobbie,Female,1981-12-04,13,false
Brzozów,Francolinus coqui,"Partridge, coqui",Rosana,Female,1978-11-01,34,false
Betim,Phalaropus fulicarius,Grey phalarope,Carlie,Male,2001-01-11,70,true
Tonkino,Phascogale calura,"Phascogale, red-tailed",Emelen,Male,2024-01-07,76,true
Nandulehe,Priodontes maximus,"Armadillo, giant",Phillipp,Genderqueer,2003-09-12,65,false
Karangjaladri,Alouatta seniculus,"Monkey, red howler",Alfie,Agender,1978-07-21,59,true
Paris 02,Uraeginthus angolensis,"Bleu, blue-breasted cordon",Kayne,Male,1983-08-24,57,false
San Jose Village,Ara chloroptera,Red and blue macaw,Trudi,Female,1982-05-10,90,true
Ladysmith,Himantopus himantopus,Black-winged stilt,Laurene,Female,1981-10-07,2,false
Oklahoma City,Macropus agilis,"Wallaby, river",Vikky,Female,2020-05-18,21,true
Katsuura,Lycaon pictus,"Dog, african wild",Jillana,Genderfluid,1983-08-01,21,true
Paranaíba,Mirounga leonina,Southern elephant seal,Dieter,Male,2006-12-13,9,true
Shuangta,Ictalurus furcatus,"Catfish, blue",Louisette,Female,2004-04-04,84,false
Columbus,Pycnonotus nigricans,"Bulbul, african red-eyed",Krisha,Male,2017-09-22,44,false
Wu’an,Zosterops pallidus,Cape white-eye,Jesse,Male,2012-10-21,16,true
Sukhinichi,Lycosa godeffroyi,"Spider, wolf",Myer,Male,2003-01-15,75,false
Paccho,Creagrus furcatus,"Gull, swallow-tail",Janot,Agender,2016-08-30,68,true
Pohonsirih,Sceloporus magister,"Lizard, desert spiny",Lincoln,Male,2014-03-04,7,false
Mandaue City,Trichoglossus haematodus moluccanus,Rainbow lory,Karlee,Female,1977-11-29,81,true
Zalţan,Paraxerus cepapi,Smith's bush squirrel,Chelsey,Female,2021-12-27,77,false
Sioux City,Dusicyon thous,"Zorro, common",Smitty,Male,2011-08-21,31,false
Kotatengah,Ardea golieth,"Heron, goliath",Kristel,Female,1977-08-01,18,false
Sukogunungkrajan,Eunectes sp.,Anaconda (unidentified),Blane,Male,1976-03-10,50,false
Samut Songkhram,Drymarchon corias couperi,Eastern indigo snake,Alexandra,Female,2007-03-17,76,true
Laocheng,Crotalus triseriatus,Dusky rattlesnake,Kelley,Non-binary,1989-12-20,10,true
Jiang’an,Terathopius ecaudatus,"Eagle, bateleur",Renell,Female,2020-07-18,65,true
Guanchi,Canis aureus,"Jackal, golden",Andre,Polygender,1993-05-13,74,true
Ziliang,Colaptes campestroides,Campo flicker,Dotti,Female,1982-01-24,16,false
Lisia Góra,Hippopotamus amphibius,Hippopotamus,Haven,Male,1990-10-12,70,true
Klippan,Canis aureus,Golden jackal,Pauletta,Female,2001-03-01,3,false
Sosnovo-Ozerskoye,Cercopithecus aethiops,Vervet monkey,Kain,Male,2006-10-10,74,false
Solnechnogorsk,Carduelis uropygialis,"Siskin, yellow-rumped",Granville,Male,2021-05-04,93,true
Baiyinnuole,Crotalus cerastes,Horned rattlesnake,Doris,Female,1974-02-24,8,true
Škofljica,Bubo virginianus,"Owl, great horned",Cindy,Female,1987-10-13,92,false
Biguaçu,Felis silvestris lybica,European wild cat,Michel,Female,1978-01-07,61,false
Örnsköldsvik,Ara chloroptera,"Macaw, green-winged",Manon,Female,2013-10-01,47,true
Marne-la-Vallée,Crotalus adamanteus,"Rattlesnake, eastern diamondback",Tomaso,Male,2011-12-16,96,true
Nakanojōmachi,Lasiodora parahybana,Salmon pink bird eater tarantula,Milena,Female,1990-05-18,36,true
Leteki,Paroaria gularis,Black-throated cardinal,Camile,Polygender,2011-12-20,29,true
Puerto Cabezas,Vulpes chama,"Fox, cape",Pall,Male,1979-05-31,97,false
Złoczew,Crocuta crocuta,"Hyena, spotted",Itch,Male,2006-09-08,13,true
Ronggui,Bos taurus,"Cow, scottish highland",Michel,Male,1985-07-19,37,true
Ncue,Propithecus verreauxi,Verreaux's sifaka,Ollie,Genderfluid,2007-06-11,32,true
Cieplice Śląskie Zdrój,Macropus rufogriseus,"Wallaby, red-necked",Modesta,Female,2008-03-05,37,true
Smiths Falls,Gymnorhina tibicen,"Magpie, black-backed",Xylia,Female,1979-09-27,15,true
Starý Bohumín,Haliaetus vocifer,African fish eagle,Fletcher,Male,2011-09-12,82,true
Nago,Nyctereutes procyonoides,Raccoon dog,Brigida,Female,2001-12-15,75,true
Nowy Tomyśl,Ardea cinerea,"Heron, gray",Bethany,Female,1992-11-30,88,true
Jagna,Rana sp.,Frog (unidentified),Mitchel,Male,1982-09-19,100,false
Tippi,Phasianus colchicus,"Pheasant, ring-necked",Nikki,Male,2011-11-24,35,false
Longping,Eutamias minimus,Least chipmunk,Morty,Male,1979-04-17,11,true
Dinājpur,Tachyglossus aculeatus,Australian spiny anteater,Raphaela,Polygender,1986-12-03,24,true
Mao,Amphibolurus barbatus,"Dragon, western bearded",Coletta,Female,1984-12-25,84,true
Rancabugel,Larus novaehollandiae,Silver gull,Andra,Female,1987-12-13,40,false
Babo-Pangulo,Crotaphytus collaris,Collared lizard,Nessy,Non-binary,1985-12-02,82,false
Tchoban Bey,Spheniscus mendiculus,Galapagos penguin,Natal,Male,2020-08-12,57,true
Campos Sales,Graspus graspus,"Crab, red lava",Gawen,Polygender,2008-03-02,7,true
Donskoye,Stercorarius longicausus,"Jaeger, long-tailed",Francois,Male,2018-10-23,65,false
Dongping,Dasyurus viverrinus,"Cat, native",Trish,Female,1986-06-01,99,true
Uppsala,Macropus fuliginosus,"Kangaroo, western grey",Brooke,Male,2002-02-03,36,false
Ollantaytambo,Loxodonta africana,African elephant,Goldia,Female,1970-11-15,87,false
Passos,Canis mesomelas,"Jackal, black-backed",Garald,Genderqueer,1979-11-04,89,true
San Juan de Dios,Raphicerus campestris,Steenbuck,Ozzy,Male,1990-11-28,19,true
Almere Stad,Coendou prehensilis,Prehensile-tailed porcupine,Emmanuel,Male,1988-03-12,44,false
Buenavista,Varanus sp.,Goanna lizard,Ayn,Female,1998-12-12,27,true
Mathba,Paraxerus cepapi,"Squirrel, smith's bush",Cathrine,Female,2008-05-05,42,true
Mieścisko,Cynictis penicillata,"Meerkat, red",Clarissa,Female,2021-11-22,98,false
Donnybrook,Martes americana,American marten,Ernie,Male,1993-04-13,12,true
Saguiaran,Phalacrocorax varius,"Cormorant, pied",Barnabas,Male,2017-02-07,60,true
Carlos Tejedor,Crotalus cerastes,Sidewinder,Hubie,Male,2012-08-12,75,false
Saint John’s,Genetta genetta,Small-spotted genet,Willyt,Female,1977-02-10,65,false
Tene,Eutamias minimus,"Chipmunk, least",Osmond,Male,1977-11-02,22,true
Paris 07,Aonyx cinerea,Small-clawed otter,Doll,Female,2022-05-07,13,false
Houzhai,Vulpes vulpes,Asian red fox,Willis,Male,2005-04-21,47,false
Barisan,Vanellus sp.,Lapwing (unidentified),Blythe,Female,2006-03-25,37,false
Ribeirão,Colaptes campestroides,Field flicker,Sargent,Male,2020-08-28,97,false
Granada,Phoenicopterus ruber,Roseat flamingo,Myra,Female,2024-01-05,94,true
Horní Počaply,Chauna torquata,Crested screamer,Krissie,Female,2003-02-24,47,false
Ranambeling,Pteronura brasiliensis,Giant otter,Robbyn,Female,2020-11-01,99,false
Ledenice,Petaurus norfolcensis,"Glider, squirrel",Helaina,Female,2018-06-24,57,false
Vanáton,Ara chloroptera,Green-winged macaw,Thacher,Male,1981-05-12,20,false
Chimoio,Acanthaster planci,Crown of thorns starfish,Ajay,Female,2010-08-31,2,false
Austin,Aonyx cinerea,Oriental short-clawed otter,Binky,Male,2000-06-20,38,true
Lityn,Oxybelis fulgidus,"Snake, green vine",Kirby,Female,1975-05-10,47,true
Agua Buena,Dicrostonyx groenlandicus,Arctic lemming,Evelyn,Female,1997-07-13,1,false
Wuyahe,Erinaceus frontalis,"Hedgehog, south african",Verile,Female,2005-11-02,41,true
Flandes,Ovis ammon,Argalis,Barty,Male,1976-06-18,95,false
Gombong,Anathana ellioti,Mandras tree shrew,Weylin,Male,2022-03-14,29,true
Kaliuda,Limnocorax flavirostra,"Crake, african black",Lanie,Male,1976-08-02,8,false
Oudtshoorn,Francolinus leucoscepus,Yellow-necked spurfowl,Annabal,Female,1971-12-30,4,true
Qianwei,Streptopelia decipiens,Mourning collared dove,Ethel,Genderfluid,1985-03-16,49,false
Ketapang,Laniaurius atrococcineus,Crimson-breasted shrike,Prent,Male,2011-03-05,79,false
Klokot,Lama guanicoe,Guanaco,Cassandry,Female,1997-01-18,48,false
Menghe,Damaliscus lunatus,Topi,Urbanus,Male,2014-05-25,93,false
Āgaro,Eubalaena australis,"Whale, baleen",Zena,Female,1978-06-02,84,false
Arão,Mellivora capensis,"Badger, honey",Bianca,Female,2022-05-19,46,false
Pau,Fregata magnificans,"Bird, magnificent frigate",Lorette,Female,2008-12-20,36,false
Dongshui,Plectopterus gambensis,"Goose, spur-winged",Dexter,Male,1975-02-13,36,true
Asopós,Charadrius tricollaris,Three-banded plover,Gerrard,Genderfluid,1983-12-07,12,false
Fatikchari,Ctenophorus ornatus,Ornate rock dragon,Brett,Non-binary,1995-04-20,69,false
Ust’-Labinsk,Dicrurus adsimilis,"Drongo, fork-tailed",Lucita,Female,2011-02-26,83,false
Sremska Mitrovica,Galictis vittata,Huron,Cody,Male,1981-05-26,95,true
Heyou,Phasianus colchicus,"Pheasant, ring-necked",Ches,Male,1997-03-19,77,false
Haradok,Dicrostonyx groenlandicus,"Lemming, arctic",Joshua,Male,1972-10-15,45,true
Mintian,Macaca nemestrina,Pig-tailed macaque,Doretta,Female,1989-08-12,77,true
Vavozh,Oryx gazella callotis,Fringe-eared oryx,Lanna,Female,2012-11-05,98,true
Blimbing,Tockus flavirostris,"Hornbill, yellow-billed",Grannie,Male,1982-05-04,25,true
São João do Campo,Macropus agilis,"Wallaby, agile",Skippie,Male,2009-03-22,79,false
Xijiao,Dipodomys deserti,Desert kangaroo rat,Eward,Male,1999-04-02,17,false
Cisalak,Larus dominicanus,"Gull, southern black-backed",Gilburt,Male,1981-11-03,41,false
Koski Tl,unavailable,Ant (unidentified),Pennie,Genderfluid,1974-05-05,42,false
Niimi,Spermophilus tridecemlineatus,"Squirrel, thirteen-lined",Glynn,Male,1987-01-14,77,false
Hermoso Campo,Geochelone elegans,"Tortoise, indian star",Jacquetta,Female,2010-12-17,78,true
Sumurgeneng,Kobus leche robertsi,"Lechwe, kafue flats",Edd,Male,1990-06-17,21,true
Manoc-Manoc,Hymenolaimus malacorhynchus,"Duck, mountain",Megen,Female,2009-03-24,29,false
Medellín,Dendrocitta vagabunda,Rufous tree pie,Valentine,Male,1987-08-24,14,true
Saint-Sauveur,Alopochen aegyptiacus,Egyptian goose,Ertha,Female,2004-03-04,49,true
Agoncillo,Lamprotornis chalybaeus,"Starling, greater blue-eared",Fonz,Male,2004-04-08,100,true
Oklahoma City,Ovis ammon,"Sheep, red",Louie,Male,1999-12-06,62,true
Zdíkov,Pelecans onocratalus,Great white pelican,Louisette,Female,2018-11-24,19,false
Estefania,Dicrostonyx groenlandicus,Arctic lemming,Erena,Female,2013-02-09,12,false
Las Palmas,Tockus erythrorhyncus,Red-billed hornbill,Kipp,Male,1998-06-02,81,true
Soho,Crotaphytus collaris,Collared lizard,Sheena,Female,2005-07-17,86,true
Narsingdi,Alcelaphus buselaphus cokii,"Hartebeest, coke's",Cornelia,Female,1997-05-25,36,true
Lakinsk,Scolopax minor,American woodcock,Joye,Female,2023-12-13,27,false
Wuxi,Platalea leucordia,European spoonbill,Melinda,Female,1982-01-10,20,false
Atafu Village,Varanus salvator,"Legaan, water",Silvia,Female,1992-02-07,66,true
Lushuihe,Sceloporus magister,"Lizard, desert spiny",Stearne,Male,2010-11-06,69,false
Lubomierz,Phoenicopterus ruber,"Flamingo, roseat",Ricki,Female,1977-12-18,44,false
Zaleszany,unavailable,Savannah deer (unidentified),Shadow,Male,1993-11-22,65,false
Sabang,Neophoca cinerea,"Lion, australian sea",Mariquilla,Female,1990-06-07,48,true
Khiwa,Lutra canadensis,"Otter, canadian river",Alvan,Male,1997-06-12,88,false
Kubangkondang,Grus rubicundus,"Crane, brolga",Garik,Male,1980-07-11,3,false
Nambalan,Corvus brachyrhynchos,American crow,Merv,Male,1999-08-30,45,false
Mekarsari,Phaethon aethereus,Red-billed tropic bird,Amalea,Female,1979-08-25,21,false
Nishiwaki,Phoca vitulina,"Seal, common",Scarlet,Female,2023-03-04,9,true
Tianqian,Balearica pavonina,Black-crowned crane,Saxon,Male,2009-07-15,73,false
Rawa,Branta canadensis,"Goose, canada",Carly,Male,1982-10-25,19,false
Sabanitas,Phascogale calura,"Phascogale, red-tailed",Talyah,Female,1970-01-02,17,false
Sabana Iglesia,Charadrius tricollaris,Three-banded plover,Antonietta,Female,2007-03-30,92,false
Xuedian,Gymnorhina tibicen,"Magpie, black-backed",Ali,Male,1973-12-25,47,true
Wamba,Dasyurus maculatus,Spotted-tailed quoll,Felita,Female,1989-09-11,29,true
Skomlin,Petaurus breviceps,"Glider, sugar",Templeton,Male,1974-09-16,97,true
Ḩalḩūl,Porphyrio porphyrio,"Moorhen, purple",Hanson,Male,1991-05-02,87,false
Dongxiang,Choloepus hoffmani,"Sloth, two-toed",Linoel,Non-binary,2011-03-06,73,true
Kotanopan,Macropus giganteus,"Kangaroo, eastern grey",Karel,Female,2018-11-18,92,false
Khorramdarreh,Pelecans onocratalus,Eastern white pelican,Brigham,Polygender,2022-04-14,82,true
Bacolod,Melanerpes erythrocephalus,Red-headed woodpecker,Dani,Female,1991-11-02,79,false
Solntsevo,Spermophilus tridecemlineatus,Thirteen-lined squirrel,Caz,Agender,1994-12-24,36,false
Gostilitsy,Macaca fuscata,"Macaque, japanese",Gerik,Polygender,1973-08-05,43,true
Dongchuan,Procyon cancrivorus,"Raccoon, crab-eating",Anneliese,Polygender,1977-03-22,11,false
Zastávka,Uraeginthus granatina,"Grenadier, common",Georgina,Female,2012-03-29,34,false
Québec,Coluber constrictor foxii,Blue racer,Claudell,Male,1991-06-02,12,true
Żabieniec,Pseudocheirus peregrinus,Common ringtail,Raymond,Male,1983-06-20,82,true
Funga,Eunectes sp.,Anaconda (unidentified),Lanny,Male,1978-03-10,57,true
Kalynivka,Paradoxurus hermaphroditus,"Cat, toddy",Sebastian,Male,1975-06-13,25,false
Çobansığnaq,Charadrius tricollaris,Three-banded plover,Rhys,Male,2000-11-04,40,false
Kunčina,Felis libyca,Cape wild cat,Lindsey,Male,1990-06-18,54,false
Baiyang,Ephipplorhynchus senegalensis,Saddle-billed stork,Miltie,Genderqueer,1994-10-01,47,true
Pakokku,Eira barbata,Tayra,Pauli,Female,2016-12-30,90,true
Verin Dvin,Felis concolor,"Lion, mountain",Nelly,Female,2004-06-14,80,false
Mýki,Corvus brachyrhynchos,American crow,Basile,Male,2012-01-30,60,true
Drummondville,Agkistrodon piscivorus,Water moccasin,Isabel,Female,1984-09-20,12,true
Krapina,Gymnorhina tibicen,Black-backed magpie,Chrissie,Male,1972-11-20,91,true
Bintang,Tamandua tetradactyla,"Tamandua, southern",Mirabelle,Female,1993-02-09,34,true
Cové,Sceloporus magister,"Lizard, desert spiny",Matthew,Male,2006-08-28,39,false
Ciherang,Cacatua tenuirostris,Long-billed cockatoo,Des,Male,2023-10-10,28,true
Santa Fe,Dasypus septemcincus,"Armadillo, seven-banded",Barth,Male,1992-07-13,47,true
Qiaodong,Cercopithecus aethiops,Vervet monkey,Lulita,Female,1991-05-07,15,true
Stýpsi,Paraxerus cepapi,African bush squirrel,Iggy,Male,1981-09-16,3,true
Huntington,Colobus guerza,White-mantled colobus,Karilynn,Female,1980-11-21,48,false
Enshi,Ursus arctos,Grizzly bear,Lammond,Male,2010-05-11,20,true
Barbacoas,Naja sp.,Cobra (unidentified),Abramo,Male,1983-11-02,14,true
Skövde,Phalaropus fulicarius,"Phalarope, grey",Nero,Male,1974-03-27,49,false
Bayan Hot,Spizaetus coronatus,Crowned hawk-eagle,Justino,Polygender,1989-07-25,92,false
Tân Việt,Alopex lagopus,"Fox, blue",Franny,Male,1998-08-23,24,false
Kampungsusah,Lepus arcticus,"Hare, arctic",Thadeus,Male,1976-10-12,94,true
Xiangrong,Acrobates pygmaeus,"Glider, feathertail",Rich,Male,2007-02-23,93,true
Baishan,Stenella coeruleoalba,Striped dolphin,Phedra,Female,2019-02-04,30,false
Zastron,Eutamias minimus,"Chipmunk, least",Terrijo,Female,1989-04-27,8,false
Bailieborough,Porphyrio porphyrio,Purple moorhen,Mischa,Male,1975-06-03,2,true
Huji,Coluber constrictor,"Racer, american",Ofella,Female,2010-07-26,100,true
Donostia-San Sebastian,Aonyx capensis,"Otter, african clawless",Haydon,Non-binary,2015-01-06,92,true
Sawo,Macropus fuliginosus,"Kangaroo, black-faced",Elna,Polygender,2022-04-04,70,true
Zongga,Corvus brachyrhynchos,House crow,Jeramie,Male,2014-03-01,73,true
Nato,Dasyurus viverrinus,"Cat, native",Isadora,Female,1992-02-17,57,false
Diamante,Francolinus leucoscepus,Yellow-necked spurfowl,Kristen,Female,1994-01-10,22,false
Yujia’ao,Petaurus norfolcensis,"Glider, squirrel",Beau,Male,2000-11-03,50,true
Kihangara,Anastomus oscitans,"Stork, openbill",Marielle,Female,2011-12-10,92,true
Sanjiang,Stercorarius longicausus,Long-tailed skua,Isac,Male,2012-11-27,83,true
Cork,Francolinus swainsonii,Swainson's francolin,Goran,Male,1998-08-08,15,true
Żabnica,Chelodina longicollis,Snake-necked turtle,Wenda,Female,2008-12-14,46,true
Jiangshan,Equus hemionus,"Ass, asiatic wild",Kelvin,Male,1980-12-18,100,true
Dashahe,Ictalurus furcatus,Blue catfish,Claus,Agender,2000-10-10,13,false
Nacka,Chauna torquata,Crested screamer,Ewart,Male,1985-01-18,7,false
Fria,Boa caninus,"Boa, emerald green tree",Filia,Female,1979-05-12,49,false
Angered,Callipepla gambelii,"Quail, gambel's",Rustie,Male,1994-02-07,91,true
Pyrzyce,Chauna torquata,"Screamer, crested",Syd,Male,1974-07-16,73,false
Yotsukaidō,Lepilemur rufescens,"Lemur, sportive",Beverlee,Female,1987-01-02,22,true
Prince Albert,Acanthaster planci,"Starfish, crown of thorns",Jabez,Male,2006-08-01,51,true
Shezhu,Cervus elaphus,"Deer, red",Vern,Male,1985-07-23,15,false
Keputran,Ctenophorus ornatus,"Dragon, ornate rock",Yoko,Female,1973-02-26,15,true
Tarauacá,Semnopithecus entellus,Gray langur,Ansley,Female,1982-06-07,30,false
Macari,Phalacrocorax niger,Javanese cormorant,King,Male,1986-06-30,77,false
Beaung Tengah,Porphyrio porphyrio,"Moorhen, purple",Renault,Male,1987-11-11,47,false
Funtua,Parus atricapillus,"Chickadee, black-capped",Pauly,Female,1971-02-09,73,true
Kičevo,Dendrocitta vagabunda,Rufous tree pie,Bax,Male,2015-02-15,16,false
Brisbane,Oncorhynchus nerka,"Salmon, sockeye",Gabbie,Male,2003-07-16,23,true
Dinājpur,Dendrocitta vagabunda,Rufous tree pie,Blinni,Female,2008-06-22,59,false
Bofuer,Castor canadensis,North American beaver,Adel,Female,2015-04-01,16,true
Sosnovka,Milvago chimachima,"Caracara, yellow-headed",Gayel,Female,1995-02-16,7,false
Chaodi,Nycticorax nycticorax,Black-crowned night heron,Dannie,Male,1984-03-18,81,true
Tílisos,Procyon lotor,"Raccoon, common",Layton,Male,2011-11-06,40,true
Normandin,Melursus ursinus,Sloth bear,Teador,Male,1971-04-09,100,false
Bodø,Erinaceus frontalis,South African hedgehog,Mackenzie,Male,1985-07-04,35,false
Mieścisko,Colobus guerza,"Colobus, black and white",Minne,Bigender,1972-01-13,37,false
Guihuaquan,Haematopus ater,Black curlew,Florina,Female,1997-08-12,93,false
Dunhao,Herpestes javanicus,Javan gold-spotted mongoose,April,Female,2010-11-15,21,true
Changping,Acrantophis madagascariensis,Eastern boa constrictor,Ario,Male,2017-04-21,28,false
Fushi,Anastomus oscitans,"Stork, openbill",Gerardo,Male,1998-07-28,5,false
Colima,unavailable,Python (unidentified),Way,Male,1987-07-09,99,true
Luklukan,Sula nebouxii,Blue-footed booby,Marnie,Female,2017-12-15,56,true
Karlskoga,unavailable,Old world fruit bat (unidentified),Jacques,Male,2002-02-27,69,true
Ta`ū,Lycaon pictus,African wild dog,Bridie,Female,1981-12-02,62,false
Tamaulipas,Dasyurus maculatus,"Cat, tiger",Dacy,Genderqueer,2020-03-18,3,false
Koronowo,Phasianus colchicus,"Pheasant, common",Auberon,Male,1983-05-24,87,false
Khotynets,Laniaurius atrococcineus,Burchell's gonolek,Arri,Male,1989-05-10,42,false
Halle,Psophia viridis,Dark-winged trumpeter,Josh,Male,2009-05-06,51,false
Kesha,Ardea cinerea,"Heron, gray",Kattie,Female,1973-07-17,69,true
Pingdingbu,Capreolus capreolus,"Deer, roe",Doy,Male,1984-09-07,78,false
Arari,Felis chaus,Jungle cat,Annalise,Female,2011-06-12,28,true
Sumenep,Colobus guerza,White-mantled colobus,Viviene,Bigender,1998-03-19,20,false
Condoroma,Bugeranus caruncalatus,Wattled crane,Marianna,Female,1988-06-01,86,false
Petropavlovsk,Megaderma spasma,"Bat, asian false vampire",Della,Female,2000-11-05,69,true
Guardizela,Francolinus coqui,Coqui partridge,Gherardo,Male,1975-03-01,72,true
Si Ma Cai,Pterocles gutturalis,Yellow-throated sandgrouse,Risa,Female,1983-02-26,70,true
Kopychyntsi,Nyctea scandiaca,Snowy owl,Kirby,Female,2016-03-06,20,true
Richibucto,Pan troglodytes,Chimpanzee,Johnath,Female,1985-02-18,95,true
Aeka,Columba livia,"Dove, rock",Wilmette,Female,2019-08-07,73,true
Francistown,Rhea americana,"Rhea, gray",Darn,Male,2008-03-20,44,false
Xingdian,Felis concolor,South American puma,Elena,Non-binary,1977-12-12,22,false
Lin’an,Damaliscus dorcas,Blesbok,Carroll,Genderqueer,2019-04-18,9,true
Khao Yoi,Lamprotornis superbus,"Starling, superb",Dud,Male,1984-09-12,97,false
Pag-asa,Colobus guerza,Guerza,Wilhelm,Male,2020-05-23,56,true
Tondabayashichō,Redunca redunca,"Reedbuck, bohor",Toddie,Male,2000-07-13,26,false
Kertorejo,Ceratotherium simum,White rhinoceros,Robin,Female,1981-08-16,45,true
Philadelphia,Stercorarius longicausus,Long-tailed jaeger,Rollin,Male,2005-07-25,71,false
Riangwale,Ara macao,Scarlet macaw,Eb,Male,2007-12-01,82,true
Walnut Grove,Aegypius tracheliotus,Black vulture,Felicio,Male,1999-04-07,29,true
Sevaster,Phalacrocorax carbo,"Cormorant, great",Lalo,Male,2021-01-25,40,true
Kampokpok,Plegadis falcinellus,"Ibis, glossy",Bentley,Male,1980-10-05,68,true
Beishan,Varanus komodensis,"Dragon, komodo",Ida,Female,2011-04-21,42,true
Wujiayao,Nasua narica,"Coatimundi, white-nosed",Maurie,Male,2023-09-05,97,true
Maraã,Anser anser,"Goose, greylag",Bibi,Female,2023-05-25,91,false
Tacarigua,Hystrix cristata,"Porcupine, african",Franklyn,Male,2007-06-08,19,false
Yuanqiao,Ara chloroptera,"Macaw, red and blue",Cordi,Female,1985-01-10,79,false
San Ignacio de Velasco,Phalacrocorax niger,"Cormorant, javanese",Molli,Female,2015-11-13,46,false
Maple Creek,Ploceus rubiginosus,"Weaver, chestnut",Leila,Female,2008-03-01,80,true
Qianzhou,Tauraco porphyrelophus,"Turaco, violet-crested",Caz,Male,1983-05-18,96,true
Thành phố Bạc Liêu,Spermophilus lateralis,"Squirrel, golden-mantled ground",Seward,Male,2005-08-15,90,false
As Saffānīyah,Dusicyon thous,Crab-eating fox,Billy,Female,1992-06-14,87,false
Chunyang,Amphibolurus barbatus,Western bearded dragon,Fedora,Female,2010-02-27,38,true
Skoghall,Notechis semmiannulatus,"Snake, tiger",Jordon,Male,1997-03-04,11,false
Khe Tre,Microcebus murinus,Lesser mouse lemur,Goldina,Female,2013-10-06,91,true
Hezhi,Trichoglossus chlorolepidotus,"Lorikeet, scaly-breasted",Roana,Female,2019-09-08,37,false
Fengjiang,Marmota caligata,Hoary marmot,Jeanette,Female,2008-05-03,51,true
Puerto Boyacá,Erinaceus frontalis,"Hedgehog, south african",Charleen,Female,2013-01-17,86,true
Finspång,Stercorarius longicausus,Long-tailed jaeger,Porty,Male,2002-04-14,11,false
Baixo Guandu,Phalaropus lobatus,Red-necked phalarope,Claudia,Female,2019-03-03,47,false
Ḩajjah,Tiliqua scincoides,Blue-tongued skink,Shana,Female,2013-08-05,38,false
Quinjalca,Bradypus tridactylus,Pale-throated three-toed sloth,Nada,Female,1978-08-19,39,true
Milwaukee,Tiliqua scincoides,Blue-tongued skink,Janeen,Female,2009-08-04,12,true
Keelung,Cordylus giganteus,"Lizard, giant girdled",Cody,Female,1988-09-12,64,false
Jiazhuyuan,unavailable,African snake (unidentified),Evie,Agender,2001-12-23,28,true
Wanghu,Pseudalopex gymnocercus,Pampa gray fox,Teresa,Female,2008-08-01,99,true
Cidamar,Marmota caligata,"Marmot, hoary",Derrek,Male,1981-03-18,76,false
Irving,Butorides striatus,Little heron,Joella,Female,2011-10-20,76,true
Taotang,Cereopsis novaehollandiae,Cereopsis goose,Vernon,Male,1988-03-10,50,false
Soroti,Crax sp.,Currasow (unidentified),Teresa,Female,1999-03-05,57,true
Kiarajangkung,Aonyx cinerea,Small-clawed otter,Gerry,Male,2018-04-06,68,false
Wentang,Dusicyon thous,"Fox, savanna",Rowena,Female,1971-08-14,59,true
Wageningen,Vanessa indica,"Admiral, indian red",Goldi,Female,2018-03-16,50,true
Burgeo,Philetairus socius,Sociable weaver,Devina,Female,1993-10-23,87,false
Zawiya,Manouria emys,"Tortoise, asian foreset",Ruperto,Male,2006-07-07,46,false
Gabrovo,Otaria flavescens,Southern sea lion,Marielle,Female,1986-08-07,78,true
Horodnya,Motacilla aguimp,African pied wagtail,Georas,Male,1978-07-10,83,true
Bontoc,Ardea golieth,Giant heron,Ave,Polygender,2008-04-13,95,false
Pérama,Cervus elaphus,Red deer,Haily,Male,1982-06-05,38,false
Changqi,Tyto novaehollandiae,"Owl, australian masked",Kirk,Male,2020-09-30,64,true
Madoi,Trichoglossus chlorolepidotus,Scaly-breasted lorikeet,Selestina,Female,1998-09-04,11,true
Tyrawa Wołoska,Vanellus chilensis,Southern lapwing,Orelee,Female,2002-02-28,82,false
Girey,Larus fuliginosus,"Gull, lava",Earvin,Male,2016-06-13,98,false
Nong Hi,Martes pennanti,Fisher,Mayor,Agender,2000-05-02,15,false
Puji,Martes americana,"Marten, american",Anton,Male,2020-08-29,58,false
Zaslawye,Ramphastos tucanus,"Toucan, red-billed",Hanson,Male,1997-11-29,6,true
Lolayan,Threskionis aethiopicus,Sacred ibis,Onofredo,Male,1987-11-04,54,false
Chahe,Eunectes sp.,Anaconda (unidentified),Falito,Genderqueer,1972-02-25,23,true
Hayang,Alcelaphus buselaphus cokii,"Hartebeest, coke's",Gunar,Male,2000-11-20,3,false
Manika,Corvus brachyrhynchos,House crow,Kelcie,Female,1989-07-16,82,true
Venda,Felis concolor,South American puma,Frieda,Female,1984-04-10,20,true
Lajarik,Varanus sp.,Ground legaan,Aldus,Male,1995-08-09,23,true
Arles,Cervus canadensis,"Elk, Wapiti",Nichol,Female,2003-07-20,70,false
Timiryazevskiy,Milvago chimachima,"Caracara, yellow-headed",Dore,Male,2023-02-10,6,false
Kabor,Phascogale tapoatafa,Brush-tailed phascogale,Carver,Male,2008-01-29,19,false
Balengbeng,Priodontes maximus,"Armadillo, giant",Osgood,Bigender,1995-12-27,34,true
Cosmópolis,Choloepus hoffmani,Two-toed tree sloth,Iggie,Male,2010-10-23,83,false
Carrascal,Tamiasciurus hudsonicus,Red squirrel,Alice,Female,1977-08-14,52,true
Celendín,Loxodonta africana,African elephant,Kingston,Male,2014-05-19,3,false
Āshtīān,Sarkidornis melanotos,Knob-nosed goose,Sibeal,Female,2021-11-27,9,true
Yanshou,Felis concolor,"Lion, mountain",Tilly,Female,2016-08-28,73,false
Beja,Semnopithecus entellus,"Langur, gray",Elsey,Female,1995-07-24,70,false
Chipaque,Kobus defassa,"Waterbuck, common",Noll,Male,1974-01-06,85,true
Marcabal,Eurocephalus anguitimens,"Shrike, southern white-crowned",Wylma,Female,2016-09-29,100,true
Hushan,Chauna torquata,Crested screamer,Llewellyn,Male,1981-11-13,27,true
Gävle,Paradoxurus hermaphroditus,Common palm civet,Gilli,Non-binary,1970-01-28,31,true
Kugesi,Dusicyon thous,"Fox, crab-eating",Glen,Female,2023-02-19,48,true
Cipasung,Varanus salvator,Two-banded monitor,Geneva,Female,2019-11-28,9,false
Capacho Nuevo,Bubulcus ibis,Cattle egret,Caz,Male,1991-10-02,78,true
Olszówka,Hymenolaimus malacorhynchus,"Duck, blue",Bonny,Female,1970-07-16,61,false
Svetlyy,Loxodonta africana,"Elephant, african",Sydelle,Female,1986-04-30,6,true
Tekstil’shchiki,Ramphastos tucanus,White-throated toucan,Bernardo,Male,1982-03-23,3,true
Tari,Libellula quadrimaculata,Four-spotted skimmer,Madelene,Bigender,2011-01-02,74,true
Staryy Oskol,unavailable,Swallow (unidentified),Loy,Male,2012-01-24,70,false
Tawun,Cygnus buccinator,Trumpeter swan,Elsy,Female,2003-12-18,75,true
Krajan Kidul Rojopolo,Manouria emys,Burmese brown mountain tortoise,Malanie,Female,1991-10-21,68,false
Lagoa Santa,Butorides striatus,"Heron, green",Ahmad,Genderqueer,1988-03-31,63,false
Oslo,Estrilda erythronotos,"Waxbill, black-cheeked",Ty,Male,2021-08-06,43,false
Ejmiatsin,Tenrec ecaudatus,Tailless tenrec,Carver,Male,1987-07-24,60,true
Kurunegala,Coendou prehensilis,Prehensile-tailed porcupine,Rea,Female,2022-04-21,99,false
Hengtanggang,Theropithecus gelada,Bleeding heart monkey,Loren,Female,1984-10-25,42,true
